hunt_code,species,harvest_success,pressure_index,draw_access_score,verified_outfitter_count,cpo_outfitter_count
BI0001,Bison,100.0,1.0,,0,0
BI1000,Bison,100.0,1.0,,30,0
BI6500,Bison,100.0,1.0,,0,0
BI6503,Bison,93.3,1.0,,30,0
BI6504,Bison,100.0,1.0,,30,0
BI6505,Bison,78.6,1.0,,30,0
BI6506,Bison,93.1,1.0,,30,0
BI6509,Bison,66.7,1.0,,30,0
BI6516,Bison,100.0,1.0,,30,0
BI6527,Bison,0.0,0.8333,,52,0
BI6528,Bison,100.0,1.0,,30,0
BI6529,Bison,80.0,1.0,,30,0
BI6531,Bison,85.7,0.875,,30,0
BI6532,Bison,100.0,0.75,,30,0
BI6534,Bison,100.0,0.8,,30,0
BI6535,Bison,100.0,1.0,,30,0
BI6536,Bison,66.7,1.0,,30,0
BI6537,Bison,90.9,1.0,,30,0
DA1001,Deer,22.7,0.7586,3.0,30,0
DA1002,Deer,17.6,0.5862,3.0,30,0
DA1003,Deer,14.3,0.5,2.0,30,0
DA1009,Deer,100.0,0.92,2.0,37,0
DA1011,Deer,80.0,1.0,2.0,0,0
DA1012,Deer,100.0,0.9333,2.0,0,0
DA1013,Deer,75.0,0.8,2.0,0,0
DA1018,Deer,53.3,0.8333,2.0,37,0
DA1027,Deer,70.4,0.9,2.0,36,0
DA1030,Deer,14.3,0.5833,3.0,30,0
DA1031,Deer,73.3,0.75,2.0,30,0
DA1033,Deer,80.0,1.0,3.0,30,0
DA1041,Deer,60.0,0.6667,3.0,30,0
DA1042,Deer,100.0,0.8,3.0,30,0
DA1045,Deer,41.7,0.6667,3.0,0,0
DA1046,Deer,50.0,0.8,3.0,30,0
DA1047,Deer,26.7,0.6522,2.0,30,0
DA1048,Deer,25.0,0.5714,3.0,30,0
DA1049,Deer,33.3,0.7714,3.0,30,0
DA1050,Deer,75.0,0.8,2.0,0,0
DB0007,Deer,100.0,1.0,,0,0
DB0008,Deer,21.3,0.7101,,0,0
DB0009,Deer,100.0,1.0,,0,0
DB1000,Deer,100.0,1.0,3.0,30,0
DB1001,Deer,67.6,1.0,3.0,37,0
DB1002,Deer,100.0,1.0,2.0,0,0
DB1003,Deer,100.0,0.963,3.0,30,0
DB1004,Deer,93.2,0.9778,3.0,37,0
DB1005,Deer,90.0,1.0,2.0,30,0
DB1006,Deer,70.0,1.0,3.0,37,0
DB1007,Deer,100.0,1.0,3.0,30,0
DB1008,Deer,100.0,1.0,2.0,37,0
DB1009,Deer,100.0,1.0,3.0,0,0
DB1010,Deer,92.9,0.9655,3.0,37,0
DB1011,Deer,88.0,0.9615,3.0,30,0
DB1012,Deer,84.6,1.0,3.0,30,0
DB1013,Deer,50.0,1.0,3.0,30,0
DB1014,Deer,100.0,1.0,3.0,0,0
DB1015,Deer,86.4,0.9565,3.0,33,0
DB1016,Deer,56.9,1.0,3.0,0,0
DB1017,Deer,93.6,0.9766,3.0,0,0
DB1018,Deer,100.0,1.0,3.0,30,0
DB1019,Deer,95.0,1.0,3.0,30,0
DB1020,Deer,100.0,1.0,3.0,30,0
DB1022,Deer,88.9,1.0,3.0,0,0
DB1023,Deer,96.9,1.0,3.0,33,0
DB1024,Deer,85.4,0.9805,3.0,0,0
DB1025,Deer,86.0,0.9804,3.0,30,0
DB1026,Deer,100.0,1.0,3.0,0,0
DB1028,Deer,70.0,0.9091,3.0,0,0
DB1029,Deer,80.0,1.0,3.0,30,0
DB1030,Deer,100.0,1.0,3.0,36,0
DB1031,Deer,100.0,1.0,2.0,30,0
DB1032,Deer,66.7,1.0,3.0,30,0
DB1033,Deer,100.0,1.0,3.0,30,0
DB1034,Deer,53.3,1.0,3.0,37,0
DB1037,Deer,87.5,0.9412,3.0,0,0
DB1038,Deer,91.3,1.0,3.0,33,0
DB1039,Deer,100.0,1.0,3.0,3,0
DB1040,Deer,60.0,1.0,3.0,52,0
DB1041,Deer,63.3,1.0,3.0,0,0
DB1042,Deer,88.0,1.0,3.0,0,0
DB1043,Deer,46.7,1.0,3.0,37,0
DB1044,Deer,100.0,1.0,3.0,30,0
DB1045,Deer,100.0,1.0,2.0,30,0
DB1046,Deer,66.7,1.0,1.0,0,0
DB1047,Deer,100.0,1.0,2.0,33,0
DB1048,Deer,77.8,1.0,3.0,0,0
DB1053,Deer,80.0,1.0,3.0,21,0
DB1054,Deer,54.5,0.9167,3.0,9,0
DB1055,Deer,66.7,1.0,3.0,0,0
DB1056,Deer,50.0,1.0,,0,0
DB1058,Deer,37.0,0.9643,3.0,37,0
DB1065,Deer,80.0,1.0,3.0,0,0
DB1073,Deer,88.9,1.0,3.0,37,0
DB1074,Deer,55.6,1.0,3.0,37,0
DB1077,Deer,56.5,0.9583,3.0,0,0
DB1078,Deer,80.0,1.0,3.0,36,0
DB1079,Deer,82.5,1.0,3.0,0,0
DB1080,Deer,77.8,1.0,3.0,36,0
DB1081,Deer,55.6,1.0,3.0,38,0
DB1083,Deer,45.5,0.9167,3.0,37,0
DB1084,Deer,66.7,1.0,3.0,36,0
DB1085,Deer,66.7,0.9231,3.0,0,0
DB1086,Deer,80.0,0.8333,3.0,33,0
DB1087,Deer,66.7,0.9375,3.0,36,0
DB1090,Deer,100.0,1.0,3.0,0,0
DB1091,Deer,60.0,1.0,3.0,0,0
DB1100,Deer,81.8,1.0,3.0,36,0
DB1101,Deer,60.0,1.0,3.0,36,0
DB1103,Deer,37.5,1.0,3.0,36,0
DB1105,Deer,83.3,1.0,3.0,36,0
DB1106,Deer,16.7,0.9,3.0,0,0
DB1107,Deer,27.8,0.9,3.0,0,0
DB1108,Deer,54.5,1.0,3.0,0,0
DB1109,Deer,100.0,1.0,,0,0
DB1110,Deer,40.0,1.0,3.0,30,0
DB1111,Deer,100.0,1.0,3.0,0,0
DB1112,Deer,25.0,1.0,3.0,0,0
DB1113,Deer,100.0,0.9167,3.0,0,0
DB1114,Deer,33.3,1.0,3.0,0,0
DB1115,Deer,40.0,1.0,3.0,0,0
DB1116,Deer,50.0,1.0,2.0,0,0
DB1119,Deer,44.4,1.0,3.0,0,0
DB1120,Deer,80.0,1.0,3.0,0,0
DB1200,Deer,90.0,1.0,1.0,0,0
DB1201,Deer,100.0,1.0,2.0,0,0
DB1202,Deer,50.0,0.6667,3.0,0,0
DB1203,Deer,100.0,1.0,3.0,0,0
DB1204,Deer,77.8,1.0,2.0,0,0
DB1205,Deer,50.0,1.0,2.0,0,0
DB1206,Deer,100.0,1.0,3.0,0,0
DB1207,Deer,66.7,1.0,3.0,0,0
DB1208,Deer,100.0,1.0,3.0,0,0
DB1209,Deer,80.0,1.0,3.0,0,0
DB1211,Deer,100.0,1.0,3.0,0,0
DB1212,Deer,100.0,1.0,3.0,0,0
DB1213,Deer,44.4,1.0,3.0,0,0
DB1215,Deer,60.0,1.0,3.0,0,0
DB1216,Deer,100.0,1.0,3.0,0,0
DB1217,Deer,92.3,1.0,3.0,0,0
DB1219,Deer,86.7,0.9375,3.0,0,0
DB1222,Deer,100.0,1.0,2.0,0,0
DB1224,Deer,90.0,1.0,3.0,0,0
DB1227,Deer,100.0,0.8125,3.0,0,0
DB1228,Deer,84.3,1.0,3.0,0,0
DB1229,Deer,90.0,1.0,3.0,0,0
DB1230,Deer,87.5,1.0,3.0,0,0
DB1231,Deer,90.0,1.0,3.0,0,0
DB1232,Deer,71.4,1.0,3.0,0,0
DB1233,Deer,77.5,1.0,3.0,0,0
DB1234,Deer,80.0,1.0,2.0,0,0
DB1236,Deer,100.0,1.0,3.0,0,0
DB1237,Deer,90.3,1.0,2.0,0,0
DB1238,Deer,76.9,1.0,3.0,0,0
DB1239,Deer,100.0,1.0,3.0,0,0
DB1240,Deer,50.0,0.8571,3.0,0,0
DB1241,Deer,100.0,1.0,3.0,0,0
DB1242,Deer,91.2,0.9808,3.0,0,0
DB1243,Deer,70.0,1.0,2.0,0,0
DB1244,Deer,71.4,0.7778,3.0,0,0
DB1245,Deer,80.0,1.0,3.0,0,0
DB1246,Deer,61.5,1.0,3.0,0,0
DB1248,Deer,90.0,1.0,2.0,0,0
DB1249,Deer,85.7,0.875,3.0,0,0
DB1250,Deer,66.7,1.0,3.0,0,0
DB1251,Deer,85.7,1.0,3.0,0,0
DB1252,Deer,100.0,0.9412,3.0,0,0
DB1253,Deer,100.0,1.0,2.0,0,0
DB1255,Deer,0.0,1.0,3.0,0,0
DB1256,Deer,72.3,1.0,3.0,0,0
DB1258,Deer,77.8,1.0,3.0,0,0
DB1259,Deer,87.5,1.0,3.0,0,0
DB1260,Deer,66.7,1.0,3.0,0,0
DB1261,Deer,60.0,1.0,3.0,0,0
DB1263,Deer,100.0,1.0,2.0,0,0
DB1264,Deer,100.0,1.0,3.0,0,0
DB1265,Deer,50.0,0.9091,3.0,0,0
DB1266,Deer,66.7,1.0,2.0,0,0
DB1269,Deer,100.0,1.0,2.0,0,0
DB1270,Deer,100.0,1.0,3.0,0,0
DB1271,Deer,75.0,1.0,3.0,0,0
DB1272,Deer,66.7,1.0,3.0,0,0
DB1273,Deer,73.9,0.9583,3.0,0,0
DB1274,Deer,85.7,1.0,2.0,0,0
DB1275,Deer,65.0,1.0,3.0,0,0
DB1277,Deer,100.0,1.0,3.0,0,0
DB1279,Deer,100.0,1.0,3.0,0,0
DB1280,Deer,90.0,1.0,3.0,0,0
DB1281,Deer,100.0,1.0,3.0,0,0
DB1282,Deer,93.3,0.9375,3.0,0,0
DB1283,Deer,72.7,0.9167,3.0,0,0
DB1285,Deer,50.0,0.8571,2.0,0,0
DB1286,Deer,75.0,1.0,3.0,0,0
DB1287,Deer,100.0,0.9,3.0,0,0
DB1288,Deer,100.0,1.0,3.0,0,0
DB1289,Deer,87.5,1.0,3.0,0,0
DB1290,Deer,100.0,1.0,3.0,0,0
DB1291,Deer,50.0,1.0,3.0,0,0
DB1292,Deer,100.0,1.0,3.0,0,0
DB1293,Deer,100.0,1.0,3.0,0,0
DB1294,Deer,75.0,1.0,3.0,0,0
DB1295,Deer,89.3,1.0,3.0,0,0
DB1298,Deer,80.0,0.625,3.0,0,0
DB1299,Deer,95.7,0.92,3.0,0,0
DB1300,Deer,50.0,1.0,2.0,0,0
DB1301,Deer,80.0,1.0,3.0,0,0
DB1303,Deer,80.0,1.0,3.0,0,0
DB1304,Deer,100.0,1.0,2.0,0,0
DB1305,Deer,60.0,1.0,3.0,0,0
DB1306,Deer,100.0,1.0,2.0,0,0
DB1308,Deer,92.9,1.0,3.0,0,0
DB1309,Deer,95.7,1.0,3.0,0,0
DB1310,Deer,90.0,1.0,3.0,0,0
DB1312,Deer,100.0,1.0,3.0,0,0
DB1317,Deer,70.0,1.0,3.0,0,0
DB1320,Deer,40.0,0.8333,3.0,0,0
DB1322,Deer,80.0,1.0,3.0,0,0
DB1323,Deer,100.0,1.0,3.0,0,0
DB1324,Deer,50.0,1.0,3.0,0,0
DB1325,Deer,57.1,1.0,3.0,0,0
DB1326,Deer,75.0,1.0,3.0,0,0
DB1327,Deer,71.4,1.0,3.0,0,0
DB1328,Deer,20.0,1.0,3.0,0,0
DB1330,Deer,100.0,1.0,2.0,0,0
DB1331,Deer,90.0,1.0,3.0,0,0
DB1332,Deer,60.0,0.9459,3.0,0,0
DB1333,Deer,31.3,1.0,3.0,0,0
DB1334,Deer,100.0,1.0,3.0,0,0
DB1335,Deer,100.0,1.0,3.0,0,0
DB1336,Deer,75.0,1.0,3.0,0,0
DB1337,Deer,0.0,1.0,3.0,0,0
DB1341,Deer,80.0,1.0,2.0,0,0
DB1342,Deer,100.0,1.0,3.0,0,0
DB1343,Deer,87.5,1.0,3.0,0,0
DB1344,Deer,100.0,1.0,3.0,0,0
DB1345,Deer,100.0,1.0,3.0,0,0
DB1347,Deer,66.7,1.0,3.0,0,0
DB1348,Deer,40.0,1.0,3.0,0,0
DB1349,Deer,76.0,1.0,3.0,0,0
DB1501,Deer,23.1,0.7604,,0,0
DB1502,Deer,15.8,0.811,,36,0
DB1503,Deer,21.4,0.8815,,0,0
DB1504,Deer,19.2,0.8401,,36,0
DB1506,Deer,32.0,0.9003,,0,0
DB1508,Deer,16.5,0.8381,,36,0
DB1509,Deer,48.3,0.8722,,38,0
DB1510,Deer,38.0,0.6329,,30,0
DB1511,Deer,19.6,0.8,,21,0
DB1512,Deer,29.9,0.7737,,30,0
DB1513,Deer,13.3,0.7589,,0,0
DB1514,Deer,19.9,0.7475,,9,0
DB1516,Deer,36.7,0.9253,,37,0
DB1517,Deer,26.5,0.8857,,37,0
DB1518,Deer,32.0,0.8791,,36,0
DB1519,Deer,25.6,0.9319,,0,0
DB1521,Deer,37.6,0.8655,,0,0
DB1522,Deer,39.4,0.8934,,33,0
DB1523,Deer,30.2,0.8686,,3,0
DB1524,Deer,17.2,0.8312,,52,0
DB1525,Deer,20.3,0.8651,,0,0
DB1526,Deer,18.1,0.7732,,36,0
DB1529,Deer,38.8,0.8843,,37,0
DB1531,Deer,33.8,0.8552,,0,0
DB1533,Deer,47.3,0.9008,,0,0
DB1534,Deer,45.3,0.9092,,36,0
DB1536,Deer,58.8,0.9397,,0,0
DB1538,Deer,25.5,0.8265,,36,0
DB1539,Deer,53.8,0.8761,,38,0
DB1540,Deer,76.0,0.9154,,30,0
DB1541,Deer,55.3,0.9537,,21,0
DB1542,Deer,53.5,0.8762,,30,0
DB1543,Deer,40.9,0.8609,,0,0
DB1544,Deer,37.5,0.8609,,9,0
DB1546,Deer,60.3,0.9379,,37,0
DB1547,Deer,38.9,0.8914,,37,0
DB1549,Deer,52.6,0.8849,,0,0
DB1551,Deer,51.4,0.8767,,0,0
DB1552,Deer,78.3,0.9326,,33,0
DB1553,Deer,63.1,0.8849,,3,0
DB1554,Deer,43.3,0.9608,,52,0
DB1555,Deer,42.8,0.9008,,0,0
DB1556,Deer,28.2,0.8436,,36,0
DB1559,Deer,62.2,0.937,,37,0
DB1561,Deer,24.1,0.8124,,0,0
DB1563,Deer,29.1,0.8871,,0,0
DB1564,Deer,21.7,0.8596,,36,0
DB1566,Deer,38.2,0.8997,,0,0
DB1568,Deer,21.9,0.7656,,36,0
DB1569,Deer,53.7,0.8308,,38,0
DB1570,Deer,62.0,0.8679,,30,0
DB1571,Deer,28.6,0.875,,21,0
DB1572,Deer,24.9,0.8622,,30,0
DB1573,Deer,23.2,0.8039,,0,0
DB1574,Deer,21.2,0.8376,,9,0
DB1576,Deer,40.8,0.8987,,37,0
DB1577,Deer,32.6,0.8858,,37,0
DB1579,Deer,42.5,0.8732,,0,0
DB1581,Deer,44.5,0.8522,,0,0
DB1582,Deer,62.5,0.8932,,33,0
DB1583,Deer,43.6,0.8908,,3,0
DB1584,Deer,27.4,0.9605,,52,0
DB1585,Deer,27.5,0.8604,,0,0
DB1586,Deer,19.7,0.8388,,36,0
DB1589,Deer,43.7,0.865,,37,0
DB1591,Deer,48.6,0.8613,,0,0
DB1592,Deer,19.6,0.8326,,36,0
DB1593,Deer,36.5,0.808,,30,0
DB1594,Deer,53.4,0.8766,,37,0
DB1595,Deer,35.4,0.8891,,37,0
DB1596,Deer,49.7,0.9095,,0,0
DB1597,Deer,49.3,0.8953,,37,0
DB1598,Deer,31.0,0.8419,,0,0
DB1599,Deer,43.0,0.8331,,36,0
DB1600,Deer,18.8,0.8381,,36,0
DB1601,Deer,32.0,0.7506,,36,0
DB1602,Deer,25.3,0.8123,,36,0
DB1603,Deer,32.7,0.8226,,36,0
DB1604,Deer,15.5,0.7556,,36,0
DB1605,Deer,23.7,0.7611,,36,0
DB1606,Deer,7.4,0.7658,,36,0
DB1607,Deer,30.0,0.8217,,36,0
DB1608,Deer,13.9,0.724,,36,0
DB1609,Deer,20.8,0.6997,,36,0
DB1610,Deer,12.1,0.8232,,36,0
DB1611,Deer,29.5,0.8716,,30,0
DB1612,Deer,33.8,0.8958,,30,0
DB1613,Deer,49.9,0.9339,,30,0
DB1614,Deer,28.2,0.9341,,0,0
DB1615,Deer,39.2,0.8876,,0,0
DB1616,Deer,51.8,0.965,,0,0
DB1617,Deer,38.2,0.8088,,0,0
DB1618,Deer,22.2,0.8308,,0,0
DB1619,Deer,23.2,0.8333,,0,0
DB1620,Deer,27.1,0.8333,,0,0
DB1621,Deer,33.4,0.8857,,0,0
DB1622,Deer,47.1,0.8994,,0,0
DB1623,Deer,25.8,0.8564,,0,0
DB1624,Deer,22.5,0.9105,,0,0
DB1625,Deer,37.0,0.9002,,0,0
DB1627,Deer,27.7,0.8862,,36,0
DB1628,Deer,25.9,0.781,,36,0
DB1629,Deer,40.9,0.9127,,36,0
DB1630,Deer,32.4,0.8911,,36,0
DB1631,Deer,28.3,0.8141,,0,0
DB1770,Deer,37.2,0.9398,,0,0
DB1771,Deer,23.1,0.9461,,36,0
DB1772,Deer,39.2,0.9653,,0,0
DB1773,Deer,39.6,0.9234,,36,0
DB1774,Deer,0.0,1.0,,36,0
DB1775,Deer,43.3,0.9759,,0,0
DB1777,Deer,33.3,0.9231,,36,0
DB1778,Deer,47.7,0.9256,,38,0
DB1779,Deer,56.4,0.7534,,30,0
DB1780,Deer,57.4,0.9592,,21,0
DB1781,Deer,40.4,0.9571,,30,0
DB1782,Deer,31.5,0.9338,,0,0
DB1783,Deer,30.0,0.96,,9,0
DB1785,Deer,40.4,0.9463,,37,0
DB1786,Deer,45.1,0.9505,,37,0
DB1787,Deer,23.5,0.9472,,36,0
DB1788,Deer,39.6,0.9613,,0,0
DB1790,Deer,32.1,0.9205,,0,0
DB1791,Deer,47.9,0.9172,,33,0
DB1792,Deer,37.1,0.9264,,3,0
DB1793,Deer,31.4,0.9623,,52,0
DB1794,Deer,32.6,0.9492,,0,0
DB1795,Deer,33.3,0.9266,,36,0
DB1798,Deer,46.9,0.9361,,37,0
DB1799,Deer,28.3,0.9787,,36,0
DB1800,Deer,34.0,0.9626,,36,0
DB1801,Deer,13.6,0.88,,36,0
DB1802,Deer,32.8,0.9469,,30,0
DB1803,Deer,27.8,1.0,,0,0
DB1804,Deer,30.7,0.9007,,0,0
DB1805,Deer,37.2,0.9348,,0,0
DB1806,Deer,20.6,0.9189,,0,0
DS1000,Desert Bighorn Sheep,100.0,1.0,,52,0
DS1002,Desert Bighorn Sheep,100.0,1.0,,23,0
DS1003,Desert Bighorn Sheep,100.0,1.0,,36,0
DS1004,Desert Bighorn Sheep,100.0,1.0,,30,0
DS1006,Desert Bighorn Sheep,100.0,1.0,,36,0
DS1007,Desert Bighorn Sheep,100.0,1.0,,30,0
DS6600,Desert Bighorn Sheep,66.7,1.0,,30,0
DS6601,Desert Bighorn Sheep,100.0,1.0,,23,0
DS6603,Desert Bighorn Sheep,100.0,1.0,,36,0
DS6604,Desert Bighorn Sheep,100.0,1.0,,30,0
DS6605,Desert Bighorn Sheep,100.0,1.0,,34,0
DS6606,Desert Bighorn Sheep,50.0,1.0,,30,0
DS6607,Desert Bighorn Sheep,100.0,1.0,,30,0
DS6608,Desert Bighorn Sheep,85.7,1.0,,30,0
DS6609,Desert Bighorn Sheep,100.0,1.0,,30,0
DS6610,Desert Bighorn Sheep,91.7,1.0,,30,0
DS6611,Desert Bighorn Sheep,100.0,1.0,,37,0
DS6620,Desert Bighorn Sheep,66.7,1.0,,30,0
DS6621,Desert Bighorn Sheep,60.0,1.0,,34,0
DS6622,Desert Bighorn Sheep,33.3,1.0,,0,0
DS6623,Desert Bighorn Sheep,100.0,1.0,,30,0
DS6624,Desert Bighorn Sheep,66.7,1.0,,30,0
DS6625,Desert Bighorn Sheep,100.0,1.0,,30,0
DS6626,Desert Bighorn Sheep,71.4,1.0,,51,0
DS6627,Desert Bighorn Sheep,100.0,1.0,,0,0
EA1010,Elk,13.3,0.75,3.0,36,0
EA1011,Elk,16.7,0.6,3.0,9,0
EA1012,Elk,66.7,0.5,3.0,36,0
EA1013,Elk,49.2,0.9559,2.0,38,0
EA1015,Elk,45.6,0.9714,3.0,38,0
EA1017,Elk,33.3,0.8842,3.0,38,0
EA1018,Elk,69.8,0.8983,3.0,38,0
EA1020,Elk,37.2,0.9576,3.0,38,0
EA1021,Elk,44.5,0.9207,3.0,36,0
EA1022,Elk,34.9,0.9212,3.0,38,0
EA1023,Elk,35.5,0.949,3.0,38,0
EA1024,Elk,62.8,0.9592,3.0,38,0
EA1025,Elk,38.5,0.8889,3.0,38,0
EA1026,Elk,17.5,0.654,3.0,36,0
EA1030,Elk,31.7,0.8723,3.0,30,0
EA1031,Elk,48.9,0.9375,3.0,30,0
EA1033,Elk,12.1,0.728,3.0,36,0
EA1035,Elk,7.0,0.8,3.0,36,0
EA1037,Elk,25.0,0.8163,3.0,30,0
EA1038,Elk,28.9,0.8782,3.0,38,0
EA1039,Elk,35.2,0.8446,3.0,38,0
EA1044,Elk,50.0,0.7429,3.0,52,0
EA1049,Elk,38.1,0.9,3.0,30,0
EA1054,Elk,71.1,0.9,3.0,52,0
EA1056,Elk,50.0,0.8,3.0,44,0
EA1058,Elk,32.5,0.77,3.0,44,0
EA1060,Elk,16.7,0.9474,3.0,52,0
EA1061,Elk,28.6,0.8235,3.0,52,0
EA1063,Elk,8.1,0.8267,3.0,44,0
EA1064,Elk,3.6,0.7568,3.0,44,0
EA1069,Elk,63.6,0.9706,2.0,37,0
EA1073,Elk,7.7,0.8125,3.0,37,0
EA1075,Elk,51.3,0.8478,3.0,36,0
EA1076,Elk,80.9,0.9592,2.0,36,0
EA1077,Elk,63.6,0.7333,3.0,21,0
EA1078,Elk,36.8,0.9356,3.0,30,0
EA1079,Elk,93.3,0.9375,2.0,30,0
EA1080,Elk,77.6,0.9831,2.0,30,0
EA1081,Elk,39.1,0.9426,3.0,52,0
EA1082,Elk,51.4,0.8843,3.0,52,0
EA1084,Elk,0.0,0.2,3.0,30,0
EA1085,Elk,13.2,0.91,3.0,33,0
EA1087,Elk,28.9,0.9798,3.0,33,0
EA1089,Elk,21.7,0.9388,3.0,33,0
EA1090,Elk,24.4,0.9184,3.0,33,0
EA1094,Elk,47.1,0.8673,3.0,33,0
EA1101,Elk,69.1,0.9592,2.0,52,0
EA1106,Elk,22.0,0.8196,3.0,36,0
EA1110,Elk,31.6,0.8444,3.0,36,0
EA1111,Elk,6.3,0.9412,3.0,36,0
EA1112,Elk,25.6,0.7963,3.0,36,0
EA1113,Elk,38.1,0.7241,3.0,36,0
EA1114,Elk,47.4,0.7917,2.0,9,0
EA1117,Elk,15.9,0.7664,3.0,37,0
EA1118,Elk,20.0,0.8333,3.0,0,0
EA1119,Elk,75.0,1.0,3.0,0,0
EA1120,Elk,47.4,0.9048,3.0,0,0
EA1121,Elk,70.0,1.0,3.0,0,0
EA1122,Elk,20.0,1.0,3.0,0,0
EA1124,Elk,93.3,1.0,3.0,0,0
EA1125,Elk,100.0,1.0,2.0,0,0
EA1129,Elk,57.2,0.9539,3.0,0,0
EA1130,Elk,66.7,0.8571,3.0,0,0
EA1131,Elk,72.7,1.0,3.0,0,0
EA1132,Elk,26.2,0.8235,3.0,0,0
EA1134,Elk,65.5,0.956,3.0,0,0
EA1135,Elk,63.2,0.95,3.0,0,0
EA1136,Elk,46.3,0.9877,3.0,0,0
EA1137,Elk,86.7,1.0,2.0,0,0
EA1138,Elk,60.0,1.0,3.0,0,0
EA1139,Elk,22.2,1.0,3.0,0,0
EA1140,Elk,100.0,1.0,2.0,0,0
EA1141,Elk,58.3,0.75,3.0,0,0
EA1142,Elk,83.3,1.0,3.0,0,0
EA1143,Elk,97.1,1.0,3.0,0,0
EA1145,Elk,81.0,1.0,2.0,0,0
EA1146,Elk,92.3,1.0,3.0,0,0
EA1147,Elk,66.7,1.0,2.0,0,0
EA1149,Elk,28.6,1.0,3.0,0,0
EA1151,Elk,33.3,1.0,3.0,0,0
EA1153,Elk,100.0,1.0,3.0,0,0
EA1156,Elk,80.0,1.0,3.0,0,0
EA1157,Elk,61.3,0.9118,3.0,0,0
EA1158,Elk,25.0,0.8889,3.0,0,0
EA1159,Elk,100.0,1.0,3.0,0,0
EA1160,Elk,75.0,1.0,2.0,0,0
EA1161,Elk,100.0,0.8889,2.0,0,0
EA1162,Elk,69.2,0.9286,3.0,0,0
EA1163,Elk,74.2,0.9688,3.0,0,0
EA1164,Elk,83.3,1.0,2.0,0,0
EA1165,Elk,92.9,1.0,2.0,0,0
EA1166,Elk,46.7,0.9375,3.0,0,0
EA1167,Elk,80.0,0.8333,3.0,0,0
EA1168,Elk,63.2,0.95,3.0,0,0
EA1170,Elk,90.0,1.0,3.0,0,0
EA1171,Elk,66.7,0.9,3.0,0,0
EA1172,Elk,61.5,0.9286,3.0,0,0
EA1174,Elk,71.4,0.9655,3.0,0,0
EA1175,Elk,28.6,0.7,3.0,0,0
EA1177,Elk,37.5,1.0,3.0,0,0
EA1180,Elk,100.0,1.0,,0,0
EA1187,Elk,8.3,0.8,3.0,37,0
EA1189,Elk,13.8,0.8369,3.0,36,0
EA1192,Elk,16.7,1.0,3.0,0,0
EA1193,Elk,60.0,1.0,3.0,36,0
EA1196,Elk,24.7,0.9733,3.0,44,0
EA1198,Elk,100.0,1.0,3.0,0,0
EA1200,Elk,100.0,1.0,3.0,0,0
EA1201,Elk,90.0,1.0,3.0,0,0
EA1203,Elk,40.0,1.0,3.0,30,0
EA1204,Elk,40.0,1.0,2.0,30,0
EA1206,Elk,25.0,0.8,3.0,36,0
EA1207,Elk,0.0,1.0,3.0,30,0
EA1208,Elk,45.9,0.8524,3.0,36,0
EA1209,Elk,25.6,0.8776,3.0,30,0
EA1217,Elk,26.0,0.8851,3.0,36,0
EA1220,Elk,,0.0,,0,0
EA1221,Elk,0.0,1.0,,0,0
EA1222,Elk,42.3,0.8667,2.0,30,0
EA1223,Elk,37.9,1.0,3.0,30,0
EA1224,Elk,57.6,0.9147,3.0,30,0
EA1225,Elk,78.1,0.9481,3.0,30,0
EA1226,Elk,0.0,0.5,3.0,30,0
EA1228,Elk,30.6,0.6806,3.0,52,0
EA1229,Elk,30.0,0.7595,3.0,52,0
EA1231,Elk,32.5,0.8,3.0,52,0
EA1233,Elk,0.0,1.0,3.0,0,0
EA1234,Elk,43.8,1.0,3.0,0,0
EA1235,Elk,30.0,1.0,3.0,0,0
EA1236,Elk,6.0,0.7891,3.0,36,0
EA1237,Elk,8.5,0.7647,3.0,38,0
EA1239,Elk,34.9,0.86,3.0,30,0
EA1240,Elk,47.7,0.8591,3.0,30,0
EA1242,Elk,25.6,0.9184,3.0,30,0
EA1243,Elk,40.0,0.8247,3.0,30,0
EA1244,Elk,17.4,0.86,3.0,44,0
EA1245,Elk,28.9,0.76,3.0,44,0
EA1250,Elk,28.6,0.9333,3.0,52,0
EA1251,Elk,25.0,0.8571,3.0,30,0
EA1254,Elk,3.8,0.8667,3.0,37,0
EA1256,Elk,33.3,0.6667,3.0,0,0
EA1257,Elk,60.0,1.0,3.0,0,0
EA1259,Elk,50.0,1.0,3.0,0,0
EA1260,Elk,20.0,1.0,3.0,0,0
EA1261,Elk,33.3,1.0,3.0,0,0
EA1263,Elk,55.3,0.962,3.0,0,0
EA1264,Elk,40.5,0.913,3.0,0,0
EA1265,Elk,69.0,0.87,3.0,0,0
EA1266,Elk,52.6,0.95,3.0,30,0
EA1267,Elk,29.6,0.931,3.0,36,0
EA1268,Elk,8.5,0.8027,3.0,44,0
EA1269,Elk,30.1,0.7186,3.0,44,0
EA1270,Elk,75.0,1.0,,0,0
EA1271,Elk,100.0,1.0,,0,0
EA1272,Elk,5.1,0.6828,3.0,36,0
EA1273,Elk,82.6,0.92,3.0,52,0
EA1274,Elk,5.3,0.76,3.0,52,0
EA1276,Elk,36.7,0.6977,3.0,9,0
EA1277,Elk,62.5,0.96,3.0,52,0
EA1278,Elk,48.7,0.78,3.0,38,0
EA1279,Elk,33.3,0.8571,3.0,38,0
EA1280,Elk,30.6,0.6647,3.0,38,0
EA1281,Elk,37.5,0.8767,3.0,30,0
EA1282,Elk,,0.0,3.0,0,0
EA1283,Elk,10.0,0.8571,3.0,37,0
EA1284,Elk,14.8,0.7714,3.0,37,0
EA1285,Elk,61.3,0.9688,2.0,37,0
EA1286,Elk,60.0,0.9375,2.0,30,0
EA2000,Elk,6.7,0.8026,,52,0
EA2002,Elk,24.8,0.772,,52,0
EA2003,Elk,39.0,0.8594,,36,0
EA2004,Elk,35.4,0.7814,,36,0
EA2005,Elk,53.5,0.6418,,52,0
EA2006,Elk,46.7,0.8343,,44,0
EA2008,Elk,55.6,0.878,,52,0
EA2009,Elk,27.8,0.7714,,38,0
EA2010,Elk,26.2,0.84,,52,0
EA2011,Elk,41.6,0.7752,,38,0
EA2012,Elk,53.1,0.8512,,36,0
EA2013,Elk,37.8,0.75,,9,0
EA2014,Elk,40.9,0.8148,,36,0
EA2015,Elk,25.0,0.6882,,37,0
EA2016,Elk,36.7,0.7527,,36,0
EA2017,Elk,60.0,0.7692,,30,0
EA2018,Elk,48.1,0.75,,37,0
EA2019,Elk,30.0,0.8475,,52,0
EA2020,Elk,27.3,0.7704,,37,0
EA2021,Elk,21.4,0.5,,30,0
EA2026,Elk,38.9,0.7423,,30,0
EA2027,Elk,26.2,0.8036,,36,0
EA2028,Elk,42.4,0.8049,,33,0
EA2029,Elk,34.7,0.8523,,30,0
EA2030,Elk,53.7,0.8838,,33,0
EA2033,Elk,2.1,0.6575,3.0,36,0
EA2034,Elk,0.0,0.5882,3.0,52,0
EA2036,Elk,91.4,0.9667,2.0,30,0
EA2037,Elk,17.8,0.7914,3.0,44,0
EA2038,Elk,13.4,0.837,3.0,36,0
EA2039,Elk,25.6,0.7826,,30,0
EA2040,Elk,54.7,0.7465,,36,0
EA2041,Elk,,0.0,,0,0
EA2042,Elk,50.0,1.0,,0,0
EA2045,Elk,75.0,1.0,,0,0
EA2046,Elk,0.0,1.0,,52,0
EB1000,Elk,100.0,1.0,,0,0
EB1001,Elk,15.0,0.8671,,30,0
EB1002,Elk,15.5,0.8508,,30,0
EB1003,Elk,15.6,0.8866,,30,0
EB1004,Elk,13.4,0.8676,,30,0
EB1005,Elk,11.8,0.8997,,30,0
EB1007,Elk,42.2,0.9116,,0,0
EB1009,Elk,25.1,0.9229,,30,0
EB1010,Elk,14.5,0.8816,,30,0
EB1011,Elk,17.5,0.8653,,30,0
EB1012,Elk,55.1,0.811,,36,0
EB3000,Elk,76.9,1.0,,30,0
EB3002,Elk,66.7,1.0,,30,0
EB3003,Elk,20.0,0.9091,,0,0
EB3005,Elk,40.0,1.0,,0,0
EB3006,Elk,30.4,0.9771,,38,0
EB3008,Elk,31.8,1.0,,30,0
EB3009,Elk,41.5,0.9762,,38,0
EB3010,Elk,100.0,1.0,,30,0
EB3011,Elk,38.1,1.0,,30,0
EB3013,Elk,37.5,1.0,,52,0
EB3015,Elk,38.9,1.0,,37,0
EB3018,Elk,33.3,0.9775,,30,0
EB3019,Elk,55.2,0.9667,,0,0
EB3020,Elk,28.0,1.0,,33,0
EB3022,Elk,25.4,0.9286,,36,0
EB3024,Elk,90.9,1.0,,30,0
EB3025,Elk,88.2,1.0,,30,0
EB3028,Elk,100.0,1.0,,30,0
EB3031,Elk,75.0,1.0,,30,0
EB3032,Elk,50.0,1.0,,0,0
EB3033,Elk,50.0,1.0,,0,0
EB3036,Elk,100.0,1.0,,0,0
EB3037,Elk,66.7,0.8571,,0,0
EB3038,Elk,70.8,1.0,,38,0
EB3039,Elk,81.1,1.0,,38,0
EB3042,Elk,68.8,1.0,,30,0
EB3043,Elk,66.7,0.9375,,30,0
EB3044,Elk,85.7,1.0,,30,0
EB3045,Elk,47.1,1.0,,38,0
EB3046,Elk,42.9,1.0,,38,0
EB3047,Elk,100.0,0.875,,30,0
EB3048,Elk,93.3,1.0,,30,0
EB3049,Elk,87.5,1.0,,30,0
EB3050,Elk,93.3,1.0,,30,0
EB3053,Elk,90.9,1.0,,52,0
EB3056,Elk,91.7,1.0,,37,0
EB3057,Elk,84.6,1.0,,37,0
EB3063,Elk,84.2,1.0,,30,0
EB3064,Elk,57.9,0.9907,,30,0
EB3065,Elk,84.4,1.0,,30,0
EB3066,Elk,78.9,1.0,,0,0
EB3067,Elk,70.0,0.9524,,0,0
EB3068,Elk,81.8,1.0,,33,0
EB3069,Elk,80.0,0.9677,,33,0
EB3072,Elk,67.6,0.9737,,36,0
EB3073,Elk,74.0,0.9919,,36,0
EB3077,Elk,92.9,1.0,,30,0
EB3079,Elk,100.0,1.0,,30,0
EB3081,Elk,42.9,1.0,,0,0
EB3083,Elk,66.7,1.0,,0,0
EB3084,Elk,72.1,1.0,,38,0
EB3086,Elk,69.2,1.0,,30,0
EB3087,Elk,58.3,1.0,,38,0
EB3088,Elk,83.3,1.0,,30,0
EB3089,Elk,66.7,1.0,,30,0
EB3091,Elk,75.0,1.0,,52,0
EB3093,Elk,75.0,1.0,,37,0
EB3096,Elk,76.4,1.0,,30,0
EB3097,Elk,76.5,1.0,,0,0
EB3098,Elk,66.7,1.0,,33,0
EB3100,Elk,65.7,0.9908,,36,0
EB3102,Elk,100.0,0.75,,30,0
EB3104,Elk,100.0,1.0,,30,0
EB3105,Elk,100.0,1.0,,0,0
EB3107,Elk,100.0,1.0,,0,0
EB3108,Elk,73.9,1.0,,38,0
EB3110,Elk,50.0,1.0,,30,0
EB3111,Elk,100.0,1.0,,38,0
EB3112,Elk,100.0,1.0,,30,0
EB3113,Elk,66.7,1.0,,30,0
EB3115,Elk,100.0,1.0,,52,0
EB3117,Elk,66.7,1.0,,37,0
EB3120,Elk,69.2,1.0,,30,0
EB3121,Elk,100.0,1.0,,0,0
EB3122,Elk,100.0,1.0,,33,0
EB3124,Elk,66.7,1.0,,36,0
EB3126,Elk,69.2,1.0,,38,0
EB3127,Elk,68.7,0.9814,,36,0
EB3128,Elk,100.0,0.5,,0,0
EB3130,Elk,0.0,1.0,,30,0
EB3132,Elk,37.5,0.96,,0,0
EB3135,Elk,22.2,0.9,,0,0
EB3136,Elk,42.1,1.0,,0,0
EB3137,Elk,61.5,1.0,,0,0
EB3139,Elk,59.3,1.0,,0,0
EB3142,Elk,55.6,0.9,,0,0
EB3143,Elk,72.2,1.0,,0,0
EB3144,Elk,78.6,1.0,,0,0
EB3145,Elk,50.0,0.9375,,0,0
EB3146,Elk,44.2,1.0,,0,0
EB3147,Elk,85.7,1.0,,0,0
EB3148,Elk,92.9,1.0,,0,0
EB3149,Elk,83.3,1.0,,0,0
EB3150,Elk,83.3,1.0,,0,0
EB3151,Elk,81.8,1.0,,0,0
EB3152,Elk,90.0,1.0,,0,0
EB3153,Elk,100.0,1.0,,0,0
EB3154,Elk,89.5,1.0,,0,0
EB3155,Elk,66.7,1.0,,0,0
EB3156,Elk,80.0,1.0,,0,0
EB3157,Elk,85.7,1.0,,0,0
EB3158,Elk,20.0,1.0,,30,0
EB3159,Elk,89.3,1.0,,30,0
EB3160,Elk,43.5,1.0,,0,0
EB3161,Elk,20.0,1.0,,0,0
EB3162,Elk,80.0,1.0,,0,0
EB3163,Elk,62.5,1.0,,0,0
EB3164,Elk,61.5,1.0,,0,0
EB3165,Elk,100.0,1.0,,0,0
EB3166,Elk,100.0,1.0,,0,0
EB3167,Elk,100.0,1.0,,30,0
EB3168,Elk,0.0,0.75,,0,0
EB3169,Elk,53.8,1.0,,0,0
EB3170,Elk,25.0,1.0,,0,0
EB3171,Elk,100.0,0.9091,,0,0
EB3172,Elk,10.0,1.0,,38,0
EB3173,Elk,24.0,1.0,,0,0
EB3174,Elk,62.5,1.0,,0,0
EB3175,Elk,66.7,1.0,,0,0
EB3176,Elk,72.2,1.0,,0,0
EB3177,Elk,81.5,1.0,,0,0
EB3178,Elk,75.0,1.0,,0,0
EB3179,Elk,75.0,1.0,,0,0
EB3180,Elk,14.3,1.0,,30,0
EB3181,Elk,76.0,1.0,,30,0
EB3182,Elk,0.0,0.875,,38,0
EB3183,Elk,59.6,0.9792,,38,0
EB3184,Elk,28.6,1.0,,30,0
EB3185,Elk,80.0,0.9091,,30,0
EB3186,Elk,20.0,1.0,,30,0
EB3187,Elk,72.0,1.0,,30,0
EB3188,Elk,60.0,1.0,,37,0
EB3189,Elk,86.4,1.0,,37,0
EB3190,Elk,20.0,1.0,,0,0
EB3191,Elk,73.7,1.0,,0,0
EB3192,Elk,25.0,1.0,,30,0
EB3193,Elk,12.5,0.8,,0,0
EB3194,Elk,88.6,1.0,,0,0
EB3195,Elk,20.0,1.0,,33,0
EB3196,Elk,61.1,1.0,,33,0
EB3197,Elk,12.5,1.0,,0,0
EB3198,Elk,69.4,1.0,,0,0
EB3199,Elk,12.5,0.8,,36,0
EB3205,Elk,42.9,0.7778,,36,0
EB3208,Elk,90.0,1.0,,52,0
EB3209,Elk,100.0,1.0,,30,0
EB3210,Elk,100.0,1.0,,52,0
EB3500,Elk,80.0,1.0,,0,0
EB3501,Elk,100.0,1.0,,0,0
EB3502,Elk,100.0,1.0,,0,0
EB3503,Elk,75.0,0.8,,0,0
EB3504,Elk,100.0,1.0,,0,0
EB3505,Elk,100.0,1.0,,0,0
EB3506,Elk,54.5,1.0,,0,0
EB3508,Elk,100.0,1.0,,0,0
EB3509,Elk,95.5,0.9565,,0,0
EB3511,Elk,66.7,1.0,,0,0
EB3514,Elk,89.0,1.0,,0,0
EB3515,Elk,100.0,1.0,,0,0
EB3516,Elk,55.0,0.9091,,0,0
EB3517,Elk,50.0,1.0,,0,0
EB3519,Elk,100.0,1.0,,0,0
EB3520,Elk,94.7,1.0,,0,0
EB3521,Elk,75.3,1.0,,0,0
EB3522,Elk,100.0,1.0,,0,0
EB3523,Elk,84.2,1.0,,0,0
EB3524,Elk,60.0,1.0,,0,0
EB3525,Elk,100.0,1.0,,0,0
EB3526,Elk,77.8,1.0,,0,0
EB3527,Elk,100.0,1.0,,0,0
EB3528,Elk,0.0,1.0,,0,0
EB3529,Elk,100.0,1.0,,0,0
EB3530,Elk,30.0,1.0,,0,0
EB3531,Elk,100.0,1.0,,0,0
EB3532,Elk,100.0,1.0,,0,0
EB3533,Elk,100.0,1.0,,0,0
EB3534,Elk,85.7,1.0,,0,0
EB3536,Elk,43.6,1.0,,0,0
EB3538,Elk,100.0,1.0,,0,0
EB3540,Elk,100.0,1.0,,0,0
EB3541,Elk,83.3,1.0,,0,0
EB3543,Elk,60.0,1.0,,0,0
EB3544,Elk,100.0,1.0,,0,0
EB3545,Elk,100.0,1.0,,0,0
EB3546,Elk,100.0,1.0,,0,0
EB3547,Elk,37.5,0.8889,,0,0
EB3548,Elk,75.0,1.0,,0,0
EB3549,Elk,100.0,1.0,,0,0
EB3550,Elk,100.0,1.0,,0,0
EB3551,Elk,100.0,1.0,,0,0
EB3552,Elk,100.0,0.7778,,0,0
EB3553,Elk,100.0,1.0,,0,0
EB3554,Elk,54.5,1.0,,0,0
EB3555,Elk,92.3,1.0,,0,0
EB3557,Elk,95.0,1.0,,0,0
EB3558,Elk,100.0,1.0,,0,0
EB3559,Elk,80.0,1.0,,0,0
EB3561,Elk,94.0,1.0,,0,0
EB3562,Elk,50.0,1.0,,0,0
EB3564,Elk,66.7,0.9474,,0,0
EB3565,Elk,100.0,1.0,,0,0
EB3603,Elk,100.0,1.0,,0,0
EB3604,Elk,100.0,1.0,,0,0
EB3606,Elk,100.0,1.0,,0,0
EB3607,Elk,40.0,1.0,,0,0
EB3608,Elk,100.0,1.0,,0,0
EB3609,Elk,100.0,1.0,,0,0
EB3610,Elk,100.0,1.0,,0,0
EB3611,Elk,58.8,1.0,,0,0
EB3613,Elk,100.0,1.0,,0,0
EB3614,Elk,75.0,1.0,,0,0
EB3617,Elk,100.0,1.0,,0,0
EB3619,Elk,87.9,1.0,,0,0
EL3000,Elk,100.0,1.0,,30,0
EL3022,Elk,0.0,1.0,,36,0
EL3024,Elk,100.0,1.0,,30,0
EL3033,Elk,100.0,1.0,,0,0
EL3038,Elk,40.0,1.0,,38,0
EL3039,Elk,0.0,1.0,,38,0
EL3048,Elk,100.0,1.0,,30,0
EL3057,Elk,0.0,1.0,,37,0
EL3065,Elk,100.0,1.0,,30,0
EL3066,Elk,100.0,1.0,,0,0
EL3068,Elk,100.0,1.0,,33,0
EL3072,Elk,57.1,1.0,,36,0
EL3084,Elk,50.0,1.0,,38,0
EL3100,Elk,0.0,1.0,,36,0
EL3126,Elk,100.0,1.0,,38,0
EL3127,Elk,83.3,1.0,,36,0
EL3144,Elk,100.0,1.0,,0,0
EL3149,Elk,100.0,1.0,,0,0
EL3152,Elk,,0.0,,0,0
EL3171,Elk,0.0,1.0,,0,0
EL3175,Elk,100.0,1.0,,0,0
EL3177,Elk,50.0,1.0,,0,0
EL3181,Elk,0.0,1.0,,30,0
EL3183,Elk,100.0,1.0,,38,0
EL3194,Elk,100.0,1.0,,0,0
EL3196,Elk,100.0,1.0,,33,0
EL3198,Elk,0.0,1.0,,0,0
GO1000,Mountain Goat,100.0,1.0,,44,0
GO6800,Mountain Goat,100.0,1.0,,30,0
GO6801,Mountain Goat,88.9,1.0,,30,0
GO6803,Mountain Goat,89.5,1.0,,36,0
GO6804,Mountain Goat,100.0,1.0,,9,0
GO6805,Mountain Goat,80.0,1.0,,9,0
GO6806,Mountain Goat,100.0,1.0,,9,0
GO6807,Mountain Goat,100.0,1.0,,36,0
GO6808,Mountain Goat,83.3,1.0,,9,0
GO6810,Mountain Goat,100.0,1.0,,44,0
GO6813,Mountain Goat,100.0,1.0,,36,0
GO6814,Mountain Goat,100.0,1.0,,30,0
GO6817,Mountain Goat,91.7,1.0,,38,0
GO6818,Mountain Goat,100.0,1.0,,9,0
GO6819,Mountain Goat,100.0,1.0,,36,0
GO6820,Mountain Goat,90.0,0.9091,,9,0
GO6821,Mountain Goat,90.9,0.9167,,36,0
GO6822,Mountain Goat,0.0,1.0,,30,0
LD1001,Deer,0.0,1.0,,52,0
LD1004,Deer,100.0,1.0,,52,0
LD1006,Deer,0.0,1.0,,52,0
LD1019,Deer,0.0,1.0,,52,0
LD1023,Deer,100.0,1.0,,52,0
LD1108,Deer,0.0,1.0,,0,0
LO0009,Deer,100.0,1.0,,0,0
LO0010,Deer,100.0,1.0,,0,0
LO0012,Deer,100.0,1.0,,0,0
LO0013,Deer,100.0,1.0,,0,0
LO0014,Deer,100.0,1.0,,0,0
LO0015,Deer,0.0,1.0,,0,0
LO1502,Deer,100.0,1.0,,36,0
LO1506,Deer,0.0,1.0,,0,0
LO1511,Deer,0.0,1.0,,21,0
LO1512,Deer,33.3,1.0,,30,0
LO1514,Deer,100.0,1.0,,9,0
LO1516,Deer,100.0,1.0,,37,0
LO1517,Deer,0.0,1.0,,37,0
LO1524,Deer,0.0,1.0,,52,0
LO1529,Deer,0.0,1.0,,37,0
LO1531,Deer,66.7,1.0,,0,0
LO1533,Deer,63.6,1.0,,0,0
LO1534,Deer,80.0,1.0,,36,0
LO1536,Deer,59.4,0.9412,,0,0
LO1540,Deer,0.0,1.0,,30,0
LO1541,Deer,100.0,1.0,,21,0
LO1542,Deer,53.8,1.0,,30,0
LO1544,Deer,100.0,1.0,,9,0
LO1546,Deer,40.0,1.0,,37,0
LO1547,Deer,100.0,1.0,,37,0
LO1551,Deer,87.5,1.0,,0,0
LO1552,Deer,75.0,1.0,,33,0
LO1553,Deer,61.5,0.8667,,3,0
LO1554,Deer,44.4,1.0,,52,0
LO1555,Deer,66.7,1.0,,0,0
LO1556,Deer,100.0,1.0,,36,0
LO1559,Deer,34.6,0.8966,,37,0
LO1572,Deer,100.0,1.0,,30,0
LO1576,Deer,50.0,1.0,,37,0
LO1581,Deer,0.0,1.0,,0,0
LO1589,Deer,50.0,1.0,,37,0
LO1591,Deer,100.0,1.0,,0,0
LO1593,Deer,100.0,1.0,,30,0
LO1594,Deer,100.0,1.0,,37,0
LO1597,Deer,58.3,1.0,,37,0
LO1598,Deer,0.0,1.0,,0,0
LO1599,Deer,30.0,0.9091,,36,0
LO1601,Deer,0.0,1.0,,36,0
LO1603,Deer,77.8,0.8182,,36,0
LO1604,Deer,0.0,0.75,,36,0
LO1607,Deer,0.0,0.75,,36,0
LO1608,Deer,100.0,1.0,,36,0
LO1613,Deer,0.0,1.0,,30,0
LO1614,Deer,100.0,1.0,,0,0
LO1616,Deer,33.3,1.0,,0,0
LO1619,Deer,100.0,1.0,,0,0
LO1622,Deer,100.0,0.8333,,0,0
LO1625,Deer,0.0,1.0,,0,0
LO1627,Deer,75.0,1.0,,36,0
LO1631,Deer,0.0,1.0,,0,0
LP5025,Pronghorn,100.0,1.0,,0,0
LP5031,Pronghorn,100.0,1.0,,0,0
LP5033,Pronghorn,100.0,1.0,,0,0
LP5046,Pronghorn,100.0,1.0,,0,0
LP5049,Pronghorn,100.0,1.0,,0,0
LP5051,Pronghorn,,0.0,,0,0
MA1005,Moose,37.5,1.0,3.0,52,0
MA1007,Moose,100.0,0.6667,3.0,52,0
MA1008,Moose,100.0,1.0,2.0,36,0
MA1009,Moose,100.0,1.0,3.0,0,0
MA1010,Moose,100.0,1.0,2.0,0,0
MB1000,Moose,100.0,1.0,,52,0
MB6000,Moose,100.0,1.0,,36,0
MB6001,Moose,100.0,1.0,,36,0
MB6002,Moose,100.0,1.0,,36,0
MB6003,Moose,100.0,1.0,,36,0
MB6004,Moose,80.0,1.0,,36,0
MB6005,Moose,83.3,1.0,,52,0
MB6006,Moose,96.0,0.9615,,44,0
MB6007,Moose,100.0,1.0,,52,0
MB6008,Moose,100.0,1.0,,44,0
MB6009,Moose,50.0,1.0,,33,0
MB6010,Moose,100.0,1.0,,44,0
MB6011,Moose,87.0,1.0,,36,0
MB6012,Moose,100.0,1.0,,52,0
MB6200,Moose,100.0,1.0,,0,0
MB6202,Moose,100.0,1.0,,0,0
MB6206,Moose,100.0,1.0,,0,0
MB6207,Moose,50.0,1.0,,0,0
MB6208,Moose,100.0,1.0,,0,0
MB6209,Moose,100.0,1.0,,0,0
MB6211,Moose,100.0,1.0,,0,0
MB6217,Moose,100.0,1.0,,0,0
MB6219,Moose,100.0,1.0,,0,0
MB6220,Moose,100.0,1.0,,0,0
MB6222,Moose,100.0,1.0,,0,0
MB6223,Moose,100.0,1.0,,0,0
MB6224,Moose,100.0,1.0,,0,0
MB6225,Moose,0.0,1.0,,0,0
MB6240,Moose,100.0,1.0,,0,0
MB6251,Moose,100.0,1.0,,0,0
MB6254,Moose,100.0,1.0,,0,0
MB6256,Moose,100.0,1.0,,0,0
MB6257,Moose,100.0,1.0,,0,0
MB6258,Moose,100.0,1.0,,0,0
MB6259,Moose,100.0,1.0,,0,0
MB6262,Moose,100.0,1.0,,0,0
MB6263,Moose,100.0,1.0,,0,0
MB6266,Moose,100.0,1.0,,0,0
PB1000,Moose,100.0,1.0,,52,0
PB5000,Pronghorn,66.7,0.8182,,30,0
PB5001,Pronghorn,85.7,1.0,,30,0
PB5002,Pronghorn,87.5,0.8889,,30,0
PB5003,Pronghorn,0.0,0.5,,30,0
PB5004,Pronghorn,100.0,0.75,,30,0
PB5005,Pronghorn,62.5,1.0,,30,0
PB5006,Pronghorn,10.0,1.0,,52,0
PB5008,Pronghorn,86.7,1.0,,30,0
PB5009,Pronghorn,66.7,1.0,,30,0
PB5011,Pronghorn,93.5,0.9688,,52,0
PB5012,Pronghorn,69.2,1.0,,52,0
PB5013,Pronghorn,62.5,1.0,,37,0
PB5015,Pronghorn,75.0,0.9524,,30,0
PB5016,Pronghorn,77.8,0.9474,,33,0
PB5017,Pronghorn,36.8,0.95,,33,0
PB5018,Pronghorn,90.3,0.8857,,52,0
PB5019,Pronghorn,94.4,1.0,,52,0
PB5020,Pronghorn,88.9,1.0,,52,0
PB5021,Pronghorn,60.9,1.0,,30,0
PB5024,Pronghorn,71.4,1.0,,52,0
PB5025,Pronghorn,90.9,0.9565,,30,0
PB5026,Pronghorn,85.7,0.9655,,30,0
PB5027,Pronghorn,100.0,1.0,,30,0
PB5028,Pronghorn,70.6,1.0,,30,0
PB5029,Pronghorn,87.5,0.9412,,30,0
PB5030,Pronghorn,75.0,1.0,,30,0
PB5031,Pronghorn,81.3,1.0,,52,0
PB5033,Pronghorn,97.9,0.9792,,30,0
PB5034,Pronghorn,50.0,1.0,,36,0
PB5035,Pronghorn,100.0,1.0,,30,0
PB5037,Pronghorn,83.0,0.9615,,52,0
PB5038,Pronghorn,100.0,1.0,,30,0
PB5039,Pronghorn,76.5,0.9444,,44,0
PB5040,Pronghorn,92.3,0.975,,52,0
PB5041,Pronghorn,100.0,1.0,,37,0
PB5042,Pronghorn,69.6,0.9583,,37,0
PB5044,Pronghorn,100.0,1.0,,52,0
PB5045,Pronghorn,83.3,1.0,,30,0
PB5046,Pronghorn,92.9,0.9859,,30,0
PB5047,Pronghorn,90.9,0.9821,,33,0
PB5048,Pronghorn,78.5,0.9155,,33,0
PB5049,Pronghorn,86.0,0.9554,,52,0
PB5050,Pronghorn,94.9,1.0,,52,0
PB5051,Pronghorn,94.4,0.973,,52,0
PB5052,Pronghorn,80.8,0.99,,30,0
PB5053,Pronghorn,100.0,1.0,,30,0
PB5054,Pronghorn,100.0,0.875,,37,0
PB5055,Pronghorn,100.0,0.5,,30,0
PB5056,Pronghorn,86.4,0.9565,,30,0
PB5059,Pronghorn,74.2,0.9688,,52,0
PB5060,Pronghorn,100.0,0.9474,,33,0
PB5061,Pronghorn,87.5,1.0,,37,0
PB5062,Pronghorn,25.0,1.0,,37,0
PB5065,Pronghorn,78.6,0.9333,,30,0
PB5066,Pronghorn,58.3,0.9231,,52,0
PB5072,Pronghorn,45.0,0.9091,,33,0
PB5073,Pronghorn,83.3,1.0,,36,0
PB5074,Pronghorn,0.0,1.0,,36,0
PB5075,Pronghorn,100.0,0.5,,36,0
PB5076,Pronghorn,96.1,0.939,,52,0
PB5077,Pronghorn,55.6,0.9643,,52,0
PB5078,Pronghorn,69.1,0.9167,,52,0
PB5079,Pronghorn,55.6,0.9,,52,0
PB5080,Pronghorn,80.0,1.0,,30,0
PB5300,Pronghorn,100.0,1.0,,0,0
PB5302,Pronghorn,100.0,1.0,,0,0
PB5305,Pronghorn,100.0,1.0,,0,0
PB5306,Pronghorn,100.0,1.0,,0,0
PB5309,Pronghorn,60.0,1.0,,0,0
PB5311,Pronghorn,87.5,1.0,,0,0
PB5312,Pronghorn,0.0,1.0,,0,0
PB5314,Pronghorn,100.0,1.0,,0,0
PB5315,Pronghorn,40.0,1.0,,0,0
PB5325,Pronghorn,100.0,1.0,,0,0
PB5326,Pronghorn,100.0,1.0,,0,0
PB5327,Pronghorn,100.0,0.9,,0,0
PB5328,Pronghorn,83.3,1.0,,0,0
PB5329,Pronghorn,100.0,1.0,,0,0
PB5330,Pronghorn,100.0,1.0,,0,0
PB5331,Pronghorn,87.5,1.0,,34,0
PB5332,Pronghorn,25.0,1.0,,34,0
PB5337,Pronghorn,80.0,1.0,,0,0
PB5338,Pronghorn,100.0,1.0,,0,0
PB5339,Pronghorn,100.0,1.0,,0,0
PB5342,Pronghorn,100.0,1.0,,0,0
PB5343,Pronghorn,100.0,1.0,,0,0
PB5345,Pronghorn,100.0,1.0,,0,0
PB5346,Pronghorn,50.0,1.0,,0,0
PD1000,Pronghorn,47.1,0.875,2.0,30,0
PD1012,Pronghorn,50.0,0.6667,2.0,30,0
PD1016,Pronghorn,50.0,1.0,,0,0
PD1017,Pronghorn,63.5,0.9455,2.0,52,0
PD1025,Pronghorn,100.0,1.0,,0,0
PD1026,Pronghorn,100.0,1.0,,0,0
PD1031,Pronghorn,100.0,1.0,1.0,0,0
PD1033,Pronghorn,53.8,0.8667,2.0,30,0
PD1034,Pronghorn,90.0,1.0,2.0,30,0
PD1035,Pronghorn,100.0,0.9,2.0,30,0
PD1041,Pronghorn,0.0,1.0,,0,0
PD1043,Pronghorn,100.0,1.0,2.0,30,0
PD1044,Pronghorn,85.7,0.7778,2.0,30,0
PD1047,Pronghorn,100.0,1.0,2.0,0,0
PD1048,Pronghorn,100.0,0.6667,1.0,0,0
PD1049,Pronghorn,20.0,0.8333,2.0,0,0
PD1050,Pronghorn,100.0,0.8333,2.0,0,0
PD1051,Pronghorn,83.3,1.0,2.0,0,0
PD1052,Pronghorn,83.3,1.0,2.0,0,0
PD1053,Pronghorn,83.3,0.8571,2.0,0,0
PD1054,Pronghorn,20.0,0.6897,3.0,52,0
PD1055,Pronghorn,43.3,0.8824,3.0,52,0
PD1056,Pronghorn,68.8,0.8649,2.0,52,0
PD1057,Pronghorn,90.6,0.9412,2.0,52,0
PD1058,Pronghorn,45.5,0.8684,2.0,52,0
PD1059,Pronghorn,82.6,0.8214,2.0,52,0
PD1060,Pronghorn,85.7,0.8974,2.0,52,0
RE1000,Rocky Mountain Bighorn Sheep,80.0,1.0,3.0,30,0
RS0001,Rocky Mountain Bighorn Sheep,100.0,1.0,,30,0
RS1000,Rocky Mountain Bighorn Sheep,100.0,1.0,,0,0
RS1001,Rocky Mountain Bighorn Sheep,100.0,1.0,,30,0
RS1003,Rocky Mountain Bighorn Sheep,100.0,1.0,,30,0
RS1006,Rocky Mountain Bighorn Sheep,100.0,1.0,,30,0
RS6700,Rocky Mountain Bighorn Sheep,100.0,1.0,,0,0
RS6701,Rocky Mountain Bighorn Sheep,100.0,1.0,,30,0
RS6703,Rocky Mountain Bighorn Sheep,100.0,1.0,,30,0
RS6704,Rocky Mountain Bighorn Sheep,100.0,1.0,,30,0
RS6708,Rocky Mountain Bighorn Sheep,100.0,1.0,,52,0
RS6709,Rocky Mountain Bighorn Sheep,100.0,1.0,,52,0
RS6712,Rocky Mountain Bighorn Sheep,100.0,0.8333,,30,0
RS6713,Rocky Mountain Bighorn Sheep,100.0,1.0,,52,0
RS6720,Rocky Mountain Bighorn Sheep,100.0,1.0,,30,0
RS6721,Rocky Mountain Bighorn Sheep,100.0,1.0,,52,0
RS6722,Rocky Mountain Bighorn Sheep,66.7,1.0,,30,0
RS6724,Rocky Mountain Bighorn Sheep,100.0,0.5,,36,0
RS6725,Rocky Mountain Bighorn Sheep,100.0,1.0,,36,0
RS6726,Rocky Mountain Bighorn Sheep,100.0,1.0,,30,0
RS6727,Rocky Mountain Bighorn Sheep,100.0,1.0,,30,0
