huntCode,species,sex,huntType,huntClass,area,unitCode,unitNames,condition,permitCount,organizations,averageValue,sourceSpecies,sourceRowStart,sourceRowNumbers,matchedPermitRegister,matchedRegisterLabel,boundaryIds,sourceHuntCodes
CP-BISON-BOOK-CLIFFS-BITTER-CREEK-HUNTER-S-CHOICE-ANY-LEGAL-WEAPON,Bison,,Conservation,Conservation Permit,"Book Cliffs, Bitter Creek, Hunter's Choice",book-cliffs-bitter-creek-hunter-s-choice,"Book Cliffs, Bitter Creek, Hunter's Choice",Any Legal Weapon,1,UWSF,35000,Bison,65,65,false,,,
CP-BISON-BOOK-CLIFFS-LITTLE-CREEK-SOUTH-HUNTER-S-CHOICE-ANY-LEGAL-WEAPON,Bison,,Conservation,Conservation Permit,"Book Cliffs, Little Creek/South, Hunter's Choice",book-cliffs-little-creek-south-hunter-s-choice,"Book Cliffs, Little Creek/South, Hunter's Choice",Any Legal Weapon,1,SFW,35000,Bison,66,66,false,,,
CP-BISON-HENRY-MTNS-COW-ONLY-LATE-ANY-LEGAL-WEAPON,Bison,,Conservation,Conservation Permit,"Henry Mtns, Cow Only (late)",henry-mtns-cow-only-late,"Henry Mtns, Cow Only (late)",Any Legal Weapon,1,SFW,9166.67,Bison,68,68,false,,,
CP-BISON-HENRY-MTNS-HUNTER-S-CHOICE-EARLY-ANY-LEGAL-WEAPON,Bison,,Conservation,Conservation Permit,"Henry Mtns, Hunter's Choice (early)",henry-mtns-hunter-s-choice-early,"Henry Mtns, Hunter's Choice (early)",Any Legal Weapon,1,RMEF,68333.33,Bison,67,67,false,,,
CP-BISON-HENRY-MTNS-HUNTER-S-CHOICE-LATE-ANY-LEGAL-WEAPON,Bison,,Conservation,Conservation Permit,"Henry Mtns, Hunter's Choice (late)",henry-mtns-hunter-s-choice-late,"Henry Mtns, Hunter's Choice (late)",Any Legal Weapon,1,SCI,40333.33,Bison,69,69,false,,,
CP-BISON-STATEWIDE-ANY-LEGAL-WEAPON,Bison,,Conservation,Conservation Permit,Statewide,statewide,Bison - Statewide Conservation,Any Legal Weapon,1,SFW,121666.67,Bison,70,70,true,Statewide Bison Conservation,,BI6510
CP-BLACK-BEAR-BEAVER-MULTISEASON,Black Bear,Either Sex,Conservation,Conservation Permit,Beaver,beaver,Beaver,Multiseason,1,MDF,9500,Bear,21,21,false,,,
CP-BLACK-BEAR-BOOK-CLIFFS-BITTER-CREEK-SOUTH-MULTISEASON,Black Bear,Either Sex,Conservation,Conservation Permit,"Book Cliffs, Bitter Creek/South",book-cliffs-bitter-creek-south,"Book Cliffs, Bitter Creek/South",Multiseason,4,MDF | SFW,5283.33,Bear,22,22 | 23 | 24 | 25,false,,,
CP-BLACK-BEAR-BOOK-CLIFFS-LITTLE-CREEK-ROADLESS-MULTISEASON,Black Bear,Either Sex,Conservation,Conservation Permit,"Book Cliffs, Little Creek Roadless",book-cliffs-little-creek-roadless,"Book Cliffs, Little Creek Roadless",Multiseason,1,SFW,3333.33,Bear,26,26,false,,,
CP-BLACK-BEAR-BOULDER-KAIPAROWITS-MULTISEASON,Black Bear,Either Sex,Conservation,Conservation Permit,Boulder/Kaiparowits,boulder-kaiparowits,Boulder/Kaiparowits,Multiseason,4,SFW,3983.33,Bear,27,27 | 28 | 29 | 30,false,,,
CP-BLACK-BEAR-CHALK-CREEK-EAST-CANYON-MORGAN-SOUTH-RICH-MULTISEASON,Black Bear,Either Sex,Conservation,Conservation Permit,Chalk Creek/East Canyon/Morgan-South Rich,chalk-creek-east-canyon-morgan-south-rich,Chalk Creek/East Canyon/Morgan-South Rich,Multiseason,1,DSC,2850,Bear,31,31,false,,,
CP-BLACK-BEAR-DIAMOND-MTN-VERNAL-BONANZA-MULTISEASON,Black Bear,Either Sex,Conservation,Conservation Permit,Diamond Mtn/Vernal/Bonanza,diamond-mtn-vernal-bonanza,Diamond Mtn/Vernal/Bonanza,Multiseason,2,MDF | SFW,4875,Bear,32,32 | 33,false,,,
CP-BLACK-BEAR-FISHLAKE-THOUSAND-LAKES-MULTISEASON,Black Bear,Either Sex,Conservation,Conservation Permit,Fishlake/Thousand Lakes,fishlake-thousand-lakes,Fishlake/Thousand Lakes,Multiseason,1,SFW,13833.33,Bear,34,34,false,,,
CP-BLACK-BEAR-KAMAS-NORTH-SLOPE-SUMMIT-MULTISEASON,Black Bear,Either Sex,Conservation,Conservation Permit,"Kamas/North Slope, Summit",kamas-north-slope-summit,"Kamas/North Slope, Summit",Multiseason,1,MDF,4750,Bear,35,35,false,,,
CP-BLACK-BEAR-LA-SAL-MULTISEASON,Black Bear,Either Sex,Conservation,Conservation Permit,La Sal,la-sal,La Sal,Multiseason,4,MDF | SFW | UHA,8370.83,Bear,36,36 | 37 | 38 | 39,false,,,
CP-BLACK-BEAR-MANTI-NORTH-MULTISEASON,Black Bear,Either Sex,Conservation,Conservation Permit,Manti-North,manti-north,Manti-North,Multiseason,3,MDF | SFW | UHA,5133.33,Bear,40,40 | 41 | 42,false,,,
CP-BLACK-BEAR-MANTI-SOUTH-SAN-RAFAEL-NORTH-MULTISEASON,Black Bear,Either Sex,Conservation,Conservation Permit,"Manti-South/San Rafael, North",manti-south-san-rafael-north,"Manti-South/San Rafael, North",Multiseason,3,MDF | SFW,9611.11,Bear,43,43 | 44 | 45,false,,,
CP-BLACK-BEAR-NEBO-MULTISEASON,Black Bear,Either Sex,Conservation,Conservation Permit,Nebo,nebo,Nebo,Multiseason,1,UHA,5266.67,Bear,46,46,false,,,
CP-BLACK-BEAR-NINE-MILE-MULTISEASON,Black Bear,Either Sex,Conservation,Conservation Permit,Nine Mile,nine-mile,Nine Mile,Multiseason,4,SFW,2255.56,Bear,47,47 | 48 | 49 | 50,false,,,
CP-BLACK-BEAR-PANGUITCH-LAKE-ZION-MULTISEASON,Black Bear,Either Sex,Conservation,Conservation Permit,Panguitch Lake/Zion,panguitch-lake-zion,Panguitch Lake/Zion,Multiseason,1,MDF,6166.67,Bear,51,51,false,,,
CP-BLACK-BEAR-PAUNSAUGUNT-MULTISEASON,Black Bear,Either Sex,Conservation,Conservation Permit,Paunsaugunt,paunsaugunt,Paunsaugunt,Multiseason,1,SFW,4000,Bear,52,52,false,,,
CP-BLACK-BEAR-SAN-JUAN-MULTISEASON,Black Bear,Either Sex,Conservation,Conservation Permit,San Juan,san-juan,San Juan,Multiseason,4,MDF | SFW | UHA,5320.83,Bear,53,53 | 54 | 55 | 56,false,,,
CP-BLACK-BEAR-STATEWIDE-MULTISEASON,Black Bear,Either Sex,Conservation,Conservation Permit,Statewide,statewide,Black Bear Conservation - Statewide,Multiseason,1,MDF,15666.67,Bear,64,64,true,Statewide Black Bear Conservation,,BR7319
CP-BLACK-BEAR-WASATCH-MTNS-AVINTAQUIN-CURRANT-CREEK-MULTISEASON,Black Bear,Either Sex,Conservation,Conservation Permit,"Wasatch Mtns, Avintaquin/Currant Creek",wasatch-mtns-avintaquin-currant-creek,"Wasatch Mtns, Avintaquin/Currant Creek",Multiseason,2,SFW,4333.33,Bear,57,57 | 58,false,,,
CP-BLACK-BEAR-WASATCH-MTNS-WEST-CENTRAL-MULTISEASON,Black Bear,Either Sex,Conservation,Conservation Permit,"Wasatch Mtns, West-Central",wasatch-mtns-west-central,"Wasatch Mtns, West-Central",Multiseason,4,MDF | SFW | UAA,4716.67,Bear,59,59 | 60 | 61 | 62,false,,,
CP-BLACK-BEAR-YELLOWSTONE-MULTISEASON,Black Bear,Either Sex,Conservation,Conservation Permit,Yellowstone,yellowstone,Yellowstone,Multiseason,1,WCF,3500,Bear,63,63,false,,,
CP-DEER-BOOK-CLIFFS-ARCHERY,Deer,Buck,Conservation,Conservation Permit,Book Cliffs,book-cliffs,"Book Cliffs (North & South) | Book Cliffs | Book Cliffs, North | Book Cliffs, South",Archery,2,UAA | WCF,8750,Deer,88,88 | 89,true,Book Cliffs Conservation Permit,7 | 714 | 15,DB1056 | DB1075 | DB1076
CP-DEER-BOOK-CLIFFS-HUNTER-S-CHOICE,Deer,Buck,Conservation,Conservation Permit,Book Cliffs,book-cliffs,"Book Cliffs (North & South) | Book Cliffs | Book Cliffs, North | Book Cliffs, South",Hunter's Choice,2,MDF | SFW,20875,Deer,90,90 | 91,true,Book Cliffs Conservation Permit,7 | 714 | 15,DB1056 | DB1075 | DB1076
CP-DEER-BOOK-CLIFFS-MULTISEASON,Deer,Buck,Conservation,Conservation Permit,Book Cliffs,book-cliffs,"Book Cliffs (North & South) | Book Cliffs | Book Cliffs, North | Book Cliffs, South",Multiseason,2,MDF | SFW,23000,Deer,92,92 | 93,true,Book Cliffs Conservation Permit,7 | 714 | 15,DB1056 | DB1075 | DB1076
CP-DEER-BOOK-CLIFFS-MUZZLELOADER,Deer,Buck,Conservation,Conservation Permit,Book Cliffs,book-cliffs,"Book Cliffs (North & South) | Book Cliffs | Book Cliffs, North | Book Cliffs, South",Muzzleloader,2,UHA | WCF,7375,Deer,94,94 | 95,true,Book Cliffs Conservation Permit,7 | 714 | 15,DB1056 | DB1075 | DB1076
CP-DEER-DIAMOND-MTN-ARCHERY,Deer,Buck,Conservation,Conservation Permit,Diamond Mtn,diamond-mtn,Diamond Mtn,Archery,1,MDF,11500,Deer,96,96,true,Diamond Mtn Conservation Permit,206,
CP-DEER-DIAMOND-MTN-HUNTER-S-CHOICE,Deer,Buck,Conservation,Conservation Permit,Diamond Mtn,diamond-mtn,Diamond Mtn,Hunter's Choice,2,MDF | RMEF,12666.67,Deer,97,97 | 98,true,Diamond Mtn Conservation Permit,206,
CP-DEER-DIAMOND-MTN-MULTISEASON,Deer,Buck,Conservation,Conservation Permit,Diamond Mtn,diamond-mtn,Diamond Mtn,Multiseason,2,MDF,14000,Deer,99,99 | 100,true,Diamond Mtn Conservation Permit,206,
CP-DEER-DIAMOND-MTN-MUZZLELOADER,Deer,Buck,Conservation,Conservation Permit,Diamond Mtn,diamond-mtn,Diamond Mtn,Muzzleloader,1,SFW,9666.67,Deer,101,101,true,Diamond Mtn Conservation Permit,206,
CP-DEER-FILLMORE-OAK-CREEK-LE-HUNTER-S-CHOICE,Deer,Buck,Conservation,Conservation Permit,"Fillmore, Oak Creek LE",fillmore-oak-creek-le,"Fillmore, Oak Creek LE",Hunter's Choice,1,MDF,71250,Deer,102,102,true,"Fillmore, Oak Creek LE Conservation Permit",85,
CP-DEER-FILLMORE-OAK-CREEK-LE-MULTISEASON,Deer,Buck,Conservation,Conservation Permit,"Fillmore, Oak Creek LE",fillmore-oak-creek-le,"Fillmore, Oak Creek LE",Multiseason,1,MDF,78000,Deer,103,103,true,"Fillmore, Oak Creek LE Conservation Permit",85,
CP-DEER-HENRY-MTNS-HUNTER-S-CHOICE,Deer,Buck,Conservation,Conservation Permit,Henry Mtns,henry-mtns,Henry Mtns,Hunter's Choice,1,SFW,104166.67,Deer,79,79,true,Henry Mtns Conservation Permit,94,
CP-DEER-HENRY-MTNS-MULTISEASON,Deer,Buck,Conservation,Conservation Permit,Henry Mtns,henry-mtns,Henry Mtns,Multiseason,1,MDF,114500,Deer,80,80,true,Henry Mtns Conservation Permit,94,
CP-DEER-LA-SAL-DOLORES-TRIANGLE-MULTISEASON,Deer,Buck,Conservation,Conservation Permit,"La Sal, Dolores Triangle",la-sal-dolores-triangle,"La Sal, Dolores Triangle | La Sal Mtns | Dolores Triangle",Multiseason,1,SCI,30000,Deer,104,104,true,"La Sal, Dolores Triangle Conservation Permit",617 | 108,DB1118
CP-DEER-PAUNSAUGUNT-ARCHERY,Deer,Buck,Conservation,Conservation Permit,Paunsaugunt,paunsaugunt,Paunsaugunt,Archery,1,NWTF,68333.33,Deer,81,81,true,Paunsaugunt Conservation Permit,163,
CP-DEER-PAUNSAUGUNT-HUNTER-S-CHOICE,Deer,Buck,Conservation,Conservation Permit,Paunsaugunt,paunsaugunt,Paunsaugunt,Hunter's Choice,2,MDF | SFW,74666.67,Deer,82,82 | 83,true,Paunsaugunt Conservation Permit,163,
CP-DEER-PAUNSAUGUNT-MULTISEASON,Deer,Buck,Conservation,Conservation Permit,Paunsaugunt,paunsaugunt,Paunsaugunt,Multiseason,2,SFW,82000,Deer,84,84 | 85,true,Paunsaugunt Conservation Permit,163,
CP-DEER-PAUNSAUGUNT-MUZZLELOADER,Deer,Buck,Conservation,Conservation Permit,Paunsaugunt,paunsaugunt,Paunsaugunt,Muzzleloader,2,MDF | NWTF,40000,Deer,86,86 | 87,true,Paunsaugunt Conservation Permit,163,
CP-DEER-SAN-JUAN-ELK-RIDGE-ARCHERY,Deer,Buck,Conservation,Conservation Permit,"San Juan, Elk Ridge",san-juan-elk-ridge,"San Juan, Elk Ridge",Archery,1,UAA,42000,Deer,105,105,true,"San Juan, Elk Ridge Conservation Permit",185,
CP-DEER-SAN-JUAN-ELK-RIDGE-HUNTER-S-CHOICE,Deer,Buck,Conservation,Conservation Permit,"San Juan, Elk Ridge",san-juan-elk-ridge,"San Juan, Elk Ridge",Hunter's Choice,1,SFW,60666.67,Deer,106,106,true,"San Juan, Elk Ridge Conservation Permit",185,
CP-DEER-SAN-JUAN-ELK-RIDGE-MULTISEASON,Deer,Buck,Conservation,Conservation Permit,"San Juan, Elk Ridge",san-juan-elk-ridge,"San Juan, Elk Ridge",Multiseason,1,SFW,67000,Deer,107,107,true,"San Juan, Elk Ridge Conservation Permit",185,
CP-DEER-SAN-JUAN-ELK-RIDGE-MUZZLELOADER,Deer,Buck,Conservation,Conservation Permit,"San Juan, Elk Ridge",san-juan-elk-ridge,"San Juan, Elk Ridge",Muzzleloader,1,MDF,42000,Deer,108,108,true,"San Juan, Elk Ridge Conservation Permit",185,
CP-DEER-STATEWIDE-,Deer,Buck,Conservation,Conservation Permit,Statewide,statewide,Statewide | Buck Deer - Statewide Permit,,1,MDF,288333.33,Deer,117,117,true,Statewide Deer Conservation Permit,454,DB0007
CP-DEER-WEST-DESERT-VERNON-ARCHERY,Deer,Buck,Conservation,Conservation Permit,"West Desert, Vernon",west-desert-vernon,"West Desert, Vernon",Archery,2,MDF | SFW,14350,Deer,109,109 | 110,true,"West Desert, Vernon Conservation Permit",248,
CP-DEER-WEST-DESERT-VERNON-HUNTER-S-CHOICE,Deer,Buck,Conservation,Conservation Permit,"West Desert, Vernon",west-desert-vernon,"West Desert, Vernon",Hunter's Choice,2,SFW,15416.67,Deer,111,111 | 112,true,"West Desert, Vernon Conservation Permit",248,
CP-DEER-WEST-DESERT-VERNON-MULTISEASON,Deer,Buck,Conservation,Conservation Permit,"West Desert, Vernon",west-desert-vernon,"West Desert, Vernon",Multiseason,2,MDF | SFW,17000,Deer,113,113 | 114,true,"West Desert, Vernon Conservation Permit",248,
CP-DEER-WEST-DESERT-VERNON-MUZZLELOADER,Deer,Buck,Conservation,Conservation Permit,"West Desert, Vernon",west-desert-vernon,"West Desert, Vernon",Muzzleloader,2,DSC | MDF,14083.33,Deer,115,115 | 116,true,"West Desert, Vernon Conservation Permit",248,
CP-DESERT-BIGHORN-SHEEP-KAIPAROWITS-EAST-ANY-LEGAL-WEAPON,Desert Bighorn Sheep,Ram,Conservation,Conservation Permit,"Kaiparowits, East",kaiparowits-east,"Kaiparowits, East",Any Legal Weapon,1,UWSF,88333.33,Desert Bighorn Sheep,71,71,true,Kaiparowits East Conservation,,DS1002
CP-DESERT-BIGHORN-SHEEP-KAIPAROWITS-ESCALANTE-ANY-LEGAL-WEAPON,Desert Bighorn Sheep,Ram,Conservation,Conservation Permit,"Kaiparowits, Escalante",kaiparowits-escalante,"Kaiparowits, Escalante East/West",Any Legal Weapon,1,UWSF,71666.67,Desert Bighorn Sheep,72,72,true,Kaiparowits Escalante East/West Conservation,,DS1003
CP-DESERT-BIGHORN-SHEEP-KAIPAROWITS-WEST-ANY-LEGAL-WEAPON,Desert Bighorn Sheep,Ram,Conservation,Conservation Permit,"Kaiparowits, West",kaiparowits-west,"Kaiparowits, West",Any Legal Weapon,1,UWSF,77500,Desert Bighorn Sheep,73,73,true,Kaiparowits West Conservation,,DS1006
CP-DESERT-BIGHORN-SHEEP-LA-SAL-POTASH-SOUTH-CISCO-ANY-LEGAL-WEAPON,Desert Bighorn Sheep,Ram,Conservation,Conservation Permit,"La Sal, Potash/South Cisco",la-sal-potash-south-cisco,"San Rafael, Dirty Devil | Henry Mtns/La Sal, Potash/South Cisco/San Juan, Lockhart/San Juan, South/San Rafael, Dirty Devil Conservation",Any Legal Weapon,1,SFW,60833.33,Desert Bighorn Sheep,74,74,true,San Rafael Dirty Devil Conservation,,DS1004 | DS6615
CP-DESERT-BIGHORN-SHEEP-PINE-VALLEY-BEAVER-DAM-ANY-LEGAL-WEAPON,Desert Bighorn Sheep,Ram,Conservation,Conservation Permit,"Pine Valley, Beaver Dam",pine-valley-beaver-dam,"Pine Valley, Beaver Dam",Any Legal Weapon,1,UWSF,73214.29,Desert Bighorn Sheep,75,75,true,Pine Valley Beaver Dam Conservation,,DS6605
CP-DESERT-BIGHORN-SHEEP-SAN-RAFAEL-DIRTY-DEVIL-ANY-LEGAL-WEAPON,Desert Bighorn Sheep,Ram,Conservation,Conservation Permit,"San Rafael, Dirty Devil",san-rafael-dirty-devil,"San Rafael, Dirty Devil | Henry Mtns/La Sal, Potash/South Cisco/San Juan, Lockhart/San Juan, South/San Rafael, Dirty Devil Conservation",Any Legal Weapon,1,SCI,73333.33,Desert Bighorn Sheep,76,76,true,San Rafael Dirty Devil Conservation,,DS1004 | DS6615
CP-DESERT-BIGHORN-SHEEP-SAN-RAFAEL-SOUTH-ANY-LEGAL-WEAPON,Desert Bighorn Sheep,Ram,Conservation,Conservation Permit,"San Rafael, South",san-rafael-south,"San Rafael, South | San Rafael North/South Conservation",Any Legal Weapon,1,UWSF,60833.33,Desert Bighorn Sheep,77,77,true,San Rafael South Conservation,,DS1007 | DS6617
CP-DESERT-BIGHORN-SHEEP-STATEWIDE-ANY-LEGAL-WEAPON,Desert Bighorn Sheep,Ram,Conservation,Conservation Permit,Statewide,statewide,Bighorn Sheep - Statewide Conservation,Any Legal Weapon,1,SFW,140000,Desert Bighorn Sheep,78,78,true,Statewide Bighorn Conservation,,DS6618
CP-ELK-BEAVER-EAST-ANY-LEGAL-WEAPON-LATE,Elk,Bull,Conservation,Conservation Permit,"Beaver, East",beaver-east,"Beaver, East","Any Legal Weapon, late",1,SFW,99000,Elk,118,118,true,"Beaver, East Conservation Permit",685,
CP-ELK-BEAVER-EAST-ARCHERY,Elk,Bull,Conservation,Conservation Permit,"Beaver, East",beaver-east,"Beaver, East",Archery,1,UAA,74000,Elk,119,119,true,"Beaver, East Conservation Permit",685,
CP-ELK-BEAVER-EAST-HUNTER-S-CHOICE,Elk,Bull,Conservation,Conservation Permit,"Beaver, East",beaver-east,"Beaver, East",Hunter's Choice,1,SFW,123333.33,Elk,120,120,true,"Beaver, East Conservation Permit",685,
CP-ELK-BEAVER-EAST-MULTISEASON,Elk,Bull,Conservation,Conservation Permit,"Beaver, East",beaver-east,"Beaver, East",Multiseason,1,MDF,184166.67,Elk,121,121,true,"Beaver, East Conservation Permit",685,
CP-ELK-BOOK-CLIFFS-BITTER-CREEK-EAST-ANY-LEGAL-WEAPON-LATE,Elk,Bull,Conservation,Conservation Permit,"Book Cliffs, Bitter Creek/East",book-cliffs-bitter-creek-east,"Book Cliffs, Bitter Creek/East","Any Legal Weapon, late",1,RMEF,11500,Elk,122,122,true,"Book Cliffs, Bitter Creek/East Conservation Permit",747 | 899,
CP-ELK-BOOK-CLIFFS-BITTER-CREEK-EAST-ARCHERY,Elk,Bull,Conservation,Conservation Permit,"Book Cliffs, Bitter Creek/East",book-cliffs-bitter-creek-east,"Book Cliffs, Bitter Creek/East",Archery,1,SFW,15200,Elk,123,123,true,"Book Cliffs, Bitter Creek/East Conservation Permit",747 | 899,
CP-ELK-BOOK-CLIFFS-BITTER-CREEK-EAST-HUNTER-S-CHOICE,Elk,Bull,Conservation,Conservation Permit,"Book Cliffs, Bitter Creek/East",book-cliffs-bitter-creek-east,"Book Cliffs, Bitter Creek/East",Hunter's Choice,1,DSC,14250,Elk,124,124,true,"Book Cliffs, Bitter Creek/East Conservation Permit",747 | 899,
CP-ELK-BOOK-CLIFFS-BITTER-CREEK-EAST-MULTISEASON,Elk,Bull,Conservation,Conservation Permit,"Book Cliffs, Bitter Creek/East",book-cliffs-bitter-creek-east,"Book Cliffs, Bitter Creek/East",Multiseason,1,WCF,17666.67,Elk,125,125,true,"Book Cliffs, Bitter Creek/East Conservation Permit",747 | 899,
CP-ELK-BOULDER-ANY-LEGAL-WEAPON-LATE,Elk,Bull,Conservation,Conservation Permit,Boulder,boulder,Boulder,"Any Legal Weapon, late",1,MDF,53500,Elk,126,126,true,Boulder Conservation Permit,172 | 695 | 697 | 96,
CP-ELK-BOULDER-ANY-LEGAL-WEAPON-MID,Elk,Bull,Conservation,Conservation Permit,Boulder,boulder,Boulder,"Any Legal Weapon, mid",1,SFW,46500,Elk,127,127,true,Boulder Conservation Permit,172 | 695 | 697 | 96,
CP-ELK-BOULDER-ARCHERY,Elk,Bull,Conservation,Conservation Permit,Boulder,boulder,Boulder,Archery,1,SFW,46000,Elk,128,128,true,Boulder Conservation Permit,172 | 695 | 697 | 96,
CP-ELK-BOULDER-HUNTER-S-CHOICE,Elk,Bull,Conservation,Conservation Permit,Boulder,boulder,Boulder,Hunter's Choice,1,SCI,66666.67,Elk,129,129,true,Boulder Conservation Permit,172 | 695 | 697 | 96,
CP-ELK-BOULDER-MULTISEASON,Elk,Bull,Conservation,Conservation Permit,Boulder,boulder,Boulder,Multiseason,1,MDF,71666.67,Elk,130,130,true,Boulder Conservation Permit,172 | 695 | 697 | 96,
CP-ELK-BOULDER-MUZZLELOADER,Elk,Bull,Conservation,Conservation Permit,Boulder,boulder,Boulder,Muzzleloader,1,SFW,46000,Elk,131,131,true,Boulder Conservation Permit,172 | 695 | 697 | 96,
CP-ELK-BOX-ELDER-GROUSE-CREEK-MULTISEASON,Elk,Bull,Conservation,Conservation Permit,"Box Elder, Grouse Creek",box-elder-grouse-creek,"Box Elder, Grouse Creek",Multiseason,1,SFW,13000,Elk,132,132,false,,,
CP-ELK-BOX-ELDER-PILOT-MTN-MULTISEASON,Elk,Bull,Conservation,Conservation Permit,"Box Elder, Pilot Mtn",box-elder-pilot-mtn,"Box Elder, Pilot Mtn",Multiseason,1,MDF,13000,Elk,133,133,false,,,
CP-ELK-CACHE-ANY-LEGAL-WEAPON,Elk,Antlerless,Conservation,Conservation Permit,Cache,cache,Cache (Conservation) | Cache,Any Legal Weapon,4,NWTF | RMEF | WCF,800,Antlerless Elk,1,1 | 2 | 3 | 4,true,Cache Antlerless Conservation Permit,29,EA2041
CP-ELK-CACHE-MEADOWVILLE-ANY-LEGAL-WEAPON-LATE,Elk,Bull,Conservation,Conservation Permit,"Cache, Meadowville",cache-meadowville,Cache (Conservation) | Cache,"Any Legal Weapon, late",1,RMEF,6500,Elk,134,134,true,Cache Antlerless Conservation Permit,29,EA2041
CP-ELK-CACHE-MEADOWVILLE-HUNTER-S-CHOICE,Elk,Bull,Conservation,Conservation Permit,"Cache, Meadowville",cache-meadowville,Cache (Conservation) | Cache,Hunter's Choice,1,SCI,8383.33,Elk,135,135,true,Cache Antlerless Conservation Permit,29,EA2041
CP-ELK-CACHE-MEADOWVILLE-MULTISEASON,Elk,Bull,Conservation,Conservation Permit,"Cache, Meadowville",cache-meadowville,Cache (Conservation) | Cache,Multiseason,1,RMEF,6000,Elk,136,136,true,Cache Antlerless Conservation Permit,29,EA2041
CP-ELK-CACHE-SOUTH-HUNTER-S-CHOICE,Elk,Bull,Conservation,Conservation Permit,"Cache, South",cache-south,Cache (Conservation) | Cache,Hunter's Choice,1,MDF,27000,Elk,137,137,true,Cache Antlerless Conservation Permit,29,EA2041
CP-ELK-CACHE-SOUTH-MULTISEASON,Elk,Bull,Conservation,Conservation Permit,"Cache, South",cache-south,Cache (Conservation) | Cache,Multiseason,1,SFW,23000,Elk,138,138,true,Cache Antlerless Conservation Permit,29,EA2041
CP-ELK-DIAMOND-MTN-ANY-LEGAL-WEAPON-LATE,Elk,Bull,Conservation,Conservation Permit,Diamond Mtn,diamond-mtn,Diamond Mtn,"Any Legal Weapon, late",1,MDF,17000,Elk,139,139,true,Diamond Mtn Conservation Permit,444 | 206,
CP-ELK-DIAMOND-MTN-ANY-LEGAL-WEAPON-MID,Elk,Bull,Conservation,Conservation Permit,Diamond Mtn,diamond-mtn,Diamond Mtn,"Any Legal Weapon, mid",1,RMEF,15000,Elk,140,140,true,Diamond Mtn Conservation Permit,444 | 206,
CP-ELK-DIAMOND-MTN-ARCHERY,Elk,Bull,Conservation,Conservation Permit,Diamond Mtn,diamond-mtn,Diamond Mtn,Archery,1,MDF,13000,Elk,141,141,true,Diamond Mtn Conservation Permit,444 | 206,
CP-ELK-DIAMOND-MTN-HUNTER-S-CHOICE,Elk,Bull,Conservation,Conservation Permit,Diamond Mtn,diamond-mtn,Diamond Mtn,Hunter's Choice,1,MDF,21166.67,Elk,142,142,true,Diamond Mtn Conservation Permit,444 | 206,
CP-ELK-DIAMOND-MTN-MULTISEASON,Elk,Bull,Conservation,Conservation Permit,Diamond Mtn,diamond-mtn,Diamond Mtn,Multiseason,1,NWTF,24500,Elk,143,143,true,Diamond Mtn Conservation Permit,444 | 206,
CP-ELK-FILLMORE-PAHVANT-ANY-LEGAL-WEAPON-LATE,Elk,Bull,Conservation,Conservation Permit,"Fillmore, Pahvant",fillmore-pahvant,"Fillmore, Pahvant","Any Legal Weapon, late",1,RMEF,29000,Elk,144,144,true,"Fillmore, Pahvant Conservation Permit",88,
CP-ELK-FILLMORE-PAHVANT-ARCHERY,Elk,Bull,Conservation,Conservation Permit,"Fillmore, Pahvant",fillmore-pahvant,"Fillmore, Pahvant",Archery,1,SFW,22000,Elk,145,145,true,"Fillmore, Pahvant Conservation Permit",88,
CP-ELK-FILLMORE-PAHVANT-HUNTER-S-CHOICE,Elk,Bull,Conservation,Conservation Permit,"Fillmore, Pahvant",fillmore-pahvant,"Fillmore, Pahvant",Hunter's Choice,1,SFW,36416.67,Elk,146,146,true,"Fillmore, Pahvant Conservation Permit",88,
CP-ELK-FILLMORE-PAHVANT-MULTISEASON,Elk,Bull,Conservation,Conservation Permit,"Fillmore, Pahvant",fillmore-pahvant,"Fillmore, Pahvant",Multiseason,1,MDF,45666.67,Elk,147,147,true,"Fillmore, Pahvant Conservation Permit",88,
CP-ELK-FISHLAKE-ANY-LEGAL-WEAPON,Elk,Antlerless,Conservation,Conservation Permit,Fishlake,fishlake,Fishlake (Conservation) | Fishlake | Fishlake/Thousand Lakes,Any Legal Weapon,4,SCI | SFW,2279.17,Antlerless Elk,5,5 | 6 | 7 | 8,true,Fishlake Antlerless Conservation Permit,175,EA1270
CP-ELK-FISHLAKE-THOUSAND-LAKES-ANY-LEGAL-WEAPON-LATE,Elk,Bull,Conservation,Conservation Permit,Fishlake/Thousand Lakes,fishlake-thousand-lakes,Fishlake (Conservation) | Fishlake | Fishlake/Thousand Lakes,"Any Legal Weapon, late",1,SFW,21500,Elk,148,148,true,Fishlake Antlerless Conservation Permit,175,EA1270
CP-ELK-FISHLAKE-THOUSAND-LAKES-ANY-LEGAL-WEAPON-MID,Elk,Bull,Conservation,Conservation Permit,Fishlake/Thousand Lakes,fishlake-thousand-lakes,Fishlake (Conservation) | Fishlake | Fishlake/Thousand Lakes,"Any Legal Weapon, mid",1,SFW,18500,Elk,149,149,true,Fishlake Antlerless Conservation Permit,175,EA1270
CP-ELK-FISHLAKE-THOUSAND-LAKES-ARCHERY,Elk,Bull,Conservation,Conservation Permit,Fishlake/Thousand Lakes,fishlake-thousand-lakes,Fishlake (Conservation) | Fishlake | Fishlake/Thousand Lakes,Archery,1,UAA,15500,Elk,150,150,true,Fishlake Antlerless Conservation Permit,175,EA1270
CP-ELK-FISHLAKE-THOUSAND-LAKES-HUNTER-S-CHOICE,Elk,Bull,Conservation,Conservation Permit,Fishlake/Thousand Lakes,fishlake-thousand-lakes,Fishlake (Conservation) | Fishlake | Fishlake/Thousand Lakes,Hunter's Choice,2,RMEF | SFW,26625,Elk,151,151 | 152,true,Fishlake Antlerless Conservation Permit,175,EA1270
CP-ELK-FISHLAKE-THOUSAND-LAKES-MULTISEASON,Elk,Bull,Conservation,Conservation Permit,Fishlake/Thousand Lakes,fishlake-thousand-lakes,Fishlake (Conservation) | Fishlake | Fishlake/Thousand Lakes,Multiseason,2,MDF | SCI,34750,Elk,153,153 | 154,true,Fishlake Antlerless Conservation Permit,175,EA1270
CP-ELK-FISHLAKE-THOUSAND-LAKES-MUZZLELOADER,Elk,Bull,Conservation,Conservation Permit,Fishlake/Thousand Lakes,fishlake-thousand-lakes,Fishlake (Conservation) | Fishlake | Fishlake/Thousand Lakes,Muzzleloader,1,MDF,18666.67,Elk,155,155,true,Fishlake Antlerless Conservation Permit,175,EA1270
CP-ELK-LA-SAL-ANY-LEGAL-WEAPON,Elk,Antlerless,Conservation,Conservation Permit,La Sal,la-sal,La Sal (Conservation) | La Sal,Any Legal Weapon,4,NWTF | UAA | WCF,800,Antlerless Elk,9,9 | 10 | 11 | 12,true,La Sal Antlerless Conservation Permit,684,EA1180
CP-ELK-LA-SAL-LA-SAL-MTNS-ANY-LEGAL-WEAPON-LATE,Elk,Bull,Conservation,Conservation Permit,"La Sal, La Sal Mtns",la-sal-la-sal-mtns,La Sal (Conservation) | La Sal,"Any Legal Weapon, late",1,RMEF,15000,Elk,156,156,true,La Sal Antlerless Conservation Permit,684,EA1180
CP-ELK-LA-SAL-LA-SAL-MTNS-ANY-LEGAL-WEAPON-MID,Elk,Bull,Conservation,Conservation Permit,"La Sal, La Sal Mtns",la-sal-la-sal-mtns,La Sal (Conservation) | La Sal,"Any Legal Weapon, mid",1,SFW,13500,Elk,157,157,true,La Sal Antlerless Conservation Permit,684,EA1180
CP-ELK-LA-SAL-LA-SAL-MTNS-ARCHERY,Elk,Bull,Conservation,Conservation Permit,"La Sal, La Sal Mtns",la-sal-la-sal-mtns,La Sal (Conservation) | La Sal,Archery,1,MDF,15266.67,Elk,158,158,true,La Sal Antlerless Conservation Permit,684,EA1180
CP-ELK-LA-SAL-LA-SAL-MTNS-HUNTER-S-CHOICE,Elk,Bull,Conservation,Conservation Permit,"La Sal, La Sal Mtns",la-sal-la-sal-mtns,La Sal (Conservation) | La Sal,Hunter's Choice,2,MDF,19000,Elk,159,159 | 160,true,La Sal Antlerless Conservation Permit,684,EA1180
CP-ELK-LA-SAL-LA-SAL-MTNS-MULTISEASON,Elk,Bull,Conservation,Conservation Permit,"La Sal, La Sal Mtns",la-sal-la-sal-mtns,La Sal (Conservation) | La Sal,Multiseason,2,MDF | RMEF,20833.33,Elk,161,161 | 162,true,La Sal Antlerless Conservation Permit,684,EA1180
CP-ELK-LA-SAL-LA-SAL-MTNS-MUZZLELOADER,Elk,Bull,Conservation,Conservation Permit,"La Sal, La Sal Mtns",la-sal-la-sal-mtns,La Sal (Conservation) | La Sal,Muzzleloader,1,SFW,16000,Elk,163,163,true,La Sal Antlerless Conservation Permit,684,EA1180
CP-ELK-MANTI-ANY-LEGAL-WEAPON,Elk,Antlerless,Conservation,Conservation Permit,Manti,manti,Manti (Conservation) | Manti,Any Legal Weapon,4,MDF | SFW,2108.33,Antlerless Elk,13,13 | 14 | 15 | 16,true,Manti Antlerless Conservation Permit,51,EA1271
CP-ELK-MANTI-ANY-LEGAL-WEAPON-LATE,Elk,Bull,Conservation,Conservation Permit,Manti,manti,Manti (Conservation) | Manti,"Any Legal Weapon, late",1,MDF,28000,Elk,164,164,true,Manti Antlerless Conservation Permit,51,EA1271
CP-ELK-MANTI-ANY-LEGAL-WEAPON-MID,Elk,Bull,Conservation,Conservation Permit,Manti,manti,Manti (Conservation) | Manti,"Any Legal Weapon, mid",1,SFW,24500,Elk,165,165,true,Manti Antlerless Conservation Permit,51,EA1271
CP-ELK-MANTI-ARCHERY,Elk,Bull,Conservation,Conservation Permit,Manti,manti,Manti (Conservation) | Manti,Archery,1,SFW,21033.33,Elk,166,166,true,Manti Antlerless Conservation Permit,51,EA1271
CP-ELK-MANTI-HUNTER-S-CHOICE,Elk,Bull,Conservation,Conservation Permit,Manti,manti,Manti (Conservation) | Manti,Hunter's Choice,2,MDF | UWSF,34875,Elk,167,167 | 168,true,Manti Antlerless Conservation Permit,51,EA1271
CP-ELK-MANTI-MULTISEASON,Elk,Bull,Conservation,Conservation Permit,Manti,manti,Manti (Conservation) | Manti,Multiseason,2,NWTF | RMEF,45000,Elk,169,169 | 170,true,Manti Antlerless Conservation Permit,51,EA1271
CP-ELK-MANTI-MUZZLELOADER,Elk,Bull,Conservation,Conservation Permit,Manti,manti,Manti (Conservation) | Manti,Muzzleloader,1,MDF,22000,Elk,171,171,true,Manti Antlerless Conservation Permit,51,EA1271
CP-ELK-MONROE-ANY-LEGAL-WEAPON-LATE,Elk,Bull,Conservation,Conservation Permit,Monroe,monroe,Monroe,"Any Legal Weapon, late",1,SCI,52000,Elk,172,172,true,Monroe Conservation Permit,629 | 115,
CP-ELK-MONROE-ARCHERY,Elk,Bull,Conservation,Conservation Permit,Monroe,monroe,Monroe,Archery,1,SFW,39000,Elk,173,173,true,Monroe Conservation Permit,629 | 115,
CP-ELK-MONROE-HUNTER-S-CHOICE,Elk,Bull,Conservation,Conservation Permit,Monroe,monroe,Monroe,Hunter's Choice,1,MDF,65000,Elk,174,174,true,Monroe Conservation Permit,629 | 115,
CP-ELK-MONROE-MULTISEASON,Elk,Bull,Conservation,Conservation Permit,Monroe,monroe,Monroe,Multiseason,1,RMEF,70333.33,Elk,175,175,true,Monroe Conservation Permit,629 | 115,
CP-ELK-MT-DUTTON-ANY-LEGAL-WEAPON-LATE,Elk,Bull,Conservation,Conservation Permit,Mt Dutton,mt-dutton,Mt Dutton,"Any Legal Weapon, late",1,RMEF,38500,Elk,176,176,false,,,
CP-ELK-MT-DUTTON-ARCHERY,Elk,Bull,Conservation,Conservation Permit,Mt Dutton,mt-dutton,Mt Dutton,Archery,1,MDF,29000,Elk,177,177,false,,,
CP-ELK-MT-DUTTON-HUNTER-S-CHOICE,Elk,Bull,Conservation,Conservation Permit,Mt Dutton,mt-dutton,Mt Dutton,Hunter's Choice,1,SFW,48250,Elk,178,178,false,,,
CP-ELK-MT-DUTTON-MULTISEASON,Elk,Bull,Conservation,Conservation Permit,Mt Dutton,mt-dutton,Mt Dutton,Multiseason,1,MDF,62500,Elk,179,179,false,,,
CP-ELK-NEBO-SAN-PITCH-MTNS-ANY-LEGAL-WEAPON-LATE,Elk,Bull,Conservation,Conservation Permit,Nebo/San Pitch Mtns,nebo-san-pitch-mtns,Nebo/San Pitch Mtns,"Any Legal Weapon, late",1,SFW,28500,Elk,180,180,false,,,
CP-ELK-NEBO-SAN-PITCH-MTNS-ARCHERY,Elk,Bull,Conservation,Conservation Permit,Nebo/San Pitch Mtns,nebo-san-pitch-mtns,Nebo/San Pitch Mtns,Archery,1,SFW,21500,Elk,181,181,false,,,
CP-ELK-NEBO-SAN-PITCH-MTNS-HUNTER-S-CHOICE,Elk,Bull,Conservation,Conservation Permit,Nebo/San Pitch Mtns,nebo-san-pitch-mtns,Nebo/San Pitch Mtns,Hunter's Choice,1,MDF,35500,Elk,182,182,false,,,
CP-ELK-NEBO-SAN-PITCH-MTNS-MULTISEASON,Elk,Bull,Conservation,Conservation Permit,Nebo/San Pitch Mtns,nebo-san-pitch-mtns,Nebo/San Pitch Mtns,Multiseason,1,NWTF,41666.67,Elk,183,183,false,,,
CP-ELK-NORTH-SLOPE-THREE-CORNERS-MULTISEASON,Elk,Bull,Conservation,Conservation Permit,"North Slope, Three Corners",north-slope-three-corners,"North Slope, Three Corners",Multiseason,1,NWTF,17666.67,Elk,184,184,false,,,
CP-ELK-PANGUITCH-LAKE-ANY-LEGAL-WEAPON-LATE,Elk,Bull,Conservation,Conservation Permit,Panguitch Lake,panguitch-lake,Panguitch Lake,"Any Legal Weapon, late",1,MDF,48500,Elk,185,185,false,,,
CP-ELK-PANGUITCH-LAKE-HUNTER-S-CHOICE,Elk,Bull,Conservation,Conservation Permit,Panguitch Lake,panguitch-lake,Panguitch Lake,Hunter's Choice,1,SFW,60833.33,Elk,186,186,false,,,
CP-ELK-PANGUITCH-LAKE-MULTISEASON,Elk,Bull,Conservation,Conservation Permit,Panguitch Lake,panguitch-lake,Panguitch Lake,Multiseason,1,MDF,80666.67,Elk,187,187,false,,,
CP-ELK-SAN-JUAN-BULL-ELK-ANY-LEGAL-WEAPON-LATE,Elk,Bull,Conservation,Conservation Permit,San Juan Bull Elk,san-juan-bull-elk,San Juan Bull Elk,"Any Legal Weapon, late",1,RMEF,53000,Elk,188,188,false,,,
CP-ELK-SAN-JUAN-BULL-ELK-ANY-LEGAL-WEAPON-MID,Elk,Bull,Conservation,Conservation Permit,San Juan Bull Elk,san-juan-bull-elk,San Juan Bull Elk,"Any Legal Weapon, mid",1,SFW,46500,Elk,189,189,false,,,
CP-ELK-SAN-JUAN-BULL-ELK-ARCHERY,Elk,Bull,Conservation,Conservation Permit,San Juan Bull Elk,san-juan-bull-elk,San Juan Bull Elk,Archery,1,MDF,40166.67,Elk,190,190,false,,,
CP-ELK-SAN-JUAN-BULL-ELK-HUNTER-S-CHOICE,Elk,Bull,Conservation,Conservation Permit,San Juan Bull Elk,san-juan-bull-elk,San Juan Bull Elk,Hunter's Choice,1,MDF,66250,Elk,191,191,false,,,
CP-ELK-SAN-JUAN-BULL-ELK-MULTISEASON,Elk,Bull,Conservation,Conservation Permit,San Juan Bull Elk,san-juan-bull-elk,San Juan Bull Elk,Multiseason,1,RMEF,64000,Elk,192,192,false,,,
CP-ELK-SOUTHWEST-DESERT-SOUTH-ANY-LEGAL-WEAPON-LATE,Elk,Bull,Conservation,Conservation Permit,"Southwest Desert, South",southwest-desert-south,"Southwest Desert, South","Any Legal Weapon, late",1,MDF,22500,Elk,193,193,true,"Southwest Desert, South Conservation Permit",872,
CP-ELK-SOUTHWEST-DESERT-SOUTH-ANY-LEGAL-WEAPON-MID,Elk,Bull,Conservation,Conservation Permit,"Southwest Desert, South",southwest-desert-south,"Southwest Desert, South","Any Legal Weapon, mid",1,SFW,20000,Elk,194,194,true,"Southwest Desert, South Conservation Permit",872,
CP-ELK-SOUTHWEST-DESERT-SOUTH-ARCHERY,Elk,Bull,Conservation,Conservation Permit,"Southwest Desert, South",southwest-desert-south,"Southwest Desert, South",Archery,1,UAA,20166.67,Elk,195,195,true,"Southwest Desert, South Conservation Permit",872,
CP-ELK-SOUTHWEST-DESERT-SOUTH-HUNTER-S-CHOICE,Elk,Bull,Conservation,Conservation Permit,"Southwest Desert, South",southwest-desert-south,"Southwest Desert, South",Hunter's Choice,1,SFW,28333.33,Elk,196,196,true,"Southwest Desert, South Conservation Permit",872,
CP-ELK-SOUTHWEST-DESERT-SOUTH-MULTISEASON,Elk,Bull,Conservation,Conservation Permit,"Southwest Desert, South",southwest-desert-south,"Southwest Desert, South",Multiseason,2,MDF | RMEF,38583.33,Elk,197,197 | 198,true,"Southwest Desert, South Conservation Permit",872,
CP-ELK-SOUTHWEST-DESERT-SOUTH-MUZZLELOADER,Elk,Bull,Conservation,Conservation Permit,"Southwest Desert, South",southwest-desert-south,"Southwest Desert, South",Muzzleloader,1,RMEF,23983.33,Elk,199,199,true,"Southwest Desert, South Conservation Permit",872,
CP-ELK-STATEWIDE-,Elk,Bull,Conservation,Conservation Permit,Statewide,statewide,Statewide | Elk - Statewide Permit,,1,SFW,195000,Elk,208,208,true,Statewide Elk Conservation Permit,12 | 17 | 33 | 36 | 41 | 51 | 108 | 128 | 140 | 163 | 175 | 183 | 206 | 222 | 241 | 449 | 455 | 616 | 617 | 622 | 625 | 629 | 630 | 634 | 683 | 685 | 88,EB1000
CP-ELK-WASATCH-MTNS-ANY-LEGAL-WEAPON,Elk,Antlerless,Conservation,Conservation Permit,Wasatch Mtns,wasatch-mtns,"Wasatch Mtns (Conservation) | Wasatch Mtns | Wasatch Mtns, East | Wasatch Mtns, West",Any Legal Weapon,4,MDF | RMEF | SFW,2237.5,Antlerless Elk,17,17 | 18 | 19 | 20,true,Wasatch Mtns Antlerless Conservation Permit,222 | 234,EA2045
CP-ELK-WASATCH-MTNS-ANY-LEGAL-WEAPON-LATE,Elk,Bull,Conservation,Conservation Permit,Wasatch Mtns,wasatch-mtns,"Wasatch Mtns (Conservation) | Wasatch Mtns | Wasatch Mtns, East | Wasatch Mtns, West","Any Legal Weapon, late",1,RMEF,22500,Elk,200,200,true,Wasatch Mtns Antlerless Conservation Permit,222 | 234,EA2045
CP-ELK-WASATCH-MTNS-ANY-LEGAL-WEAPON-MID,Elk,Bull,Conservation,Conservation Permit,Wasatch Mtns,wasatch-mtns,"Wasatch Mtns (Conservation) | Wasatch Mtns | Wasatch Mtns, East | Wasatch Mtns, West","Any Legal Weapon, mid",1,SFW,20000,Elk,201,201,true,Wasatch Mtns Antlerless Conservation Permit,222 | 234,EA2045
CP-ELK-WASATCH-MTNS-ARCHERY,Elk,Bull,Conservation,Conservation Permit,Wasatch Mtns,wasatch-mtns,"Wasatch Mtns (Conservation) | Wasatch Mtns | Wasatch Mtns, East | Wasatch Mtns, West",Archery,1,WCF,8416.67,Elk,202,202,true,Wasatch Mtns Antlerless Conservation Permit,222 | 234,EA2045
CP-ELK-WASATCH-MTNS-HUNTER-S-CHOICE,Elk,Bull,Conservation,Conservation Permit,Wasatch Mtns,wasatch-mtns,"Wasatch Mtns (Conservation) | Wasatch Mtns | Wasatch Mtns, East | Wasatch Mtns, West",Hunter's Choice,2,SFW,28291.67,Elk,203,203 | 204,true,Wasatch Mtns Antlerless Conservation Permit,222 | 234,EA2045
CP-ELK-WASATCH-MTNS-MULTISEASON,Elk,Bull,Conservation,Conservation Permit,Wasatch Mtns,wasatch-mtns,"Wasatch Mtns (Conservation) | Wasatch Mtns | Wasatch Mtns, East | Wasatch Mtns, West",Multiseason,2,MDF | RMEF,33583.33,Elk,205,205 | 206,true,Wasatch Mtns Antlerless Conservation Permit,222 | 234,EA2045
CP-ELK-WASATCH-MTNS-MUZZLELOADER,Elk,Bull,Conservation,Conservation Permit,Wasatch Mtns,wasatch-mtns,"Wasatch Mtns (Conservation) | Wasatch Mtns | Wasatch Mtns, East | Wasatch Mtns, West",Muzzleloader,1,MDF,20166.67,Elk,207,207,true,Wasatch Mtns Antlerless Conservation Permit,222 | 234,EA2045
CP-MOOSE-CACHE-ANY-LEGAL-WEAPON,Moose,Bull,Conservation,Conservation Permit,Cache,cache,Cache,Any Legal Weapon,1,UCWF,44666.67,Moose,209,209,false,,,
CP-MOOSE-NORTH-SLOPE-SUMMIT-ANY-LEGAL-WEAPON,Moose,Bull,Conservation,Conservation Permit,"North Slope, Summit",north-slope-summit,"North Slope, Summit",Any Legal Weapon,2,SCI | SFW,32666.67,Moose,210,210 | 211,false,,,
CP-MOOSE-STATEWIDE-,Moose,Bull,Conservation,Conservation Permit,Statewide,statewide,Moose - Statewide Conservation,,1,RMEF,64000,Moose,213,213,true,Statewide Moose Conservation,,MB6260
CP-MOOSE-WASATCH-MTNS-CENTRAL-MTNS-ANY-LEGAL-WEAPON,Moose,Bull,Conservation,Conservation Permit,Wasatch Mtns/Central Mtns,wasatch-mtns-central-mtns,Wasatch Mtns/Central Mtns,Any Legal Weapon,1,NWTF,35541.67,Moose,212,212,false,,,
CP-MOUNTAIN-GOAT-BEAVER-EARLY-ANY-LEGAL-WEAPON-EARLY,Mountain Goat,Hunter's Choice,Conservation,Conservation Permit,Beaver (early),beaver-early,Beaver (early),"Any Legal Weapon, early",1,UWSF,32000,Mountain Goat,214,214,false,,,
CP-MOUNTAIN-GOAT-HIGH-UINTAS-WEST-ANY-LEGAL-WEAPON,Mountain Goat,Hunter's Choice,Conservation,Conservation Permit,High Uintas West,high-uintas-west,High Uintas West,Any Legal Weapon,1,RMEF,31000,Mountain Goat,215,215,false,,,
CP-MOUNTAIN-GOAT-LA-SAL-LA-SAL-MTNS-ANY-LEGAL-WEAPON,Mountain Goat,Hunter's Choice,Conservation,Conservation Permit,"La Sal, La Sal Mtns",la-sal-la-sal-mtns,"La Sal, La Sal Mtns",Any Legal Weapon,1,SFW,22666.67,Mountain Goat,216,216,false,,,
CP-MOUNTAIN-GOAT-NEBO-ANY-LEGAL-WEAPON,Mountain Goat,Hunter's Choice,Conservation,Conservation Permit,Nebo,nebo,Nebo,Any Legal Weapon,1,UWSF,22666.67,Mountain Goat,217,217,false,,,
CP-MOUNTAIN-GOAT-NEBO-ARCHERY,Mountain Goat,Hunter's Choice,Conservation,Conservation Permit,Nebo,nebo,Nebo,Archery,1,UAA,16000,Mountain Goat,218,218,false,,,
CP-MOUNTAIN-GOAT-STATEWIDE-,Mountain Goat,Hunter's Choice,Conservation,Conservation Permit,Statewide,statewide,Mountain Goat - Statewide Conservation,,1,SFW,59166.67,Mountain Goat,220,220,true,Statewide Mountain Goat Conservation,,GO6816
CP-MOUNTAIN-GOAT-WASATCH-MTNS-TIMPANOGOS-ANY-LEGAL-WEAPON,Mountain Goat,Hunter's Choice,Conservation,Conservation Permit,"Wasatch Mtns, Timpanogos",wasatch-mtns-timpanogos,"Wasatch Mtns, Timpanogos",Any Legal Weapon,1,SCI,21666.67,Mountain Goat,219,219,false,,,
CP-PRONGHORN-BEAVER-HUNTER-S-CHOICE,Pronghorn,Buck,Conservation,Conservation Permit,Beaver,beaver,Beaver,Hunter's Choice,2,SFW | UAA,5641.67,Pronghorn,221,221 | 222,false,,,
CP-PRONGHORN-BOOK-CLIFFS-BITTER-CREEK-ANY-LEGAL-WEAPON,Pronghorn,Buck,Conservation,Conservation Permit,"Book Cliffs, Bitter Creek",book-cliffs-bitter-creek,"Book Cliffs, Bitter Creek",Any Legal Weapon,3,DSC | MDF | SFW,3275,Pronghorn,223,223 | 224 | 225,false,,,
CP-PRONGHORN-BOOK-CLIFFS-SOUTH-ANY-LEGAL-WEAPON,Pronghorn,Buck,Conservation,Conservation Permit,"Book Cliffs, South",book-cliffs-south,"Book Cliffs, South",Any Legal Weapon,2,MDF | NWTF,4833.33,Pronghorn,226,226 | 227,false,,,
CP-PRONGHORN-BOX-ELDER-PROMONTORY-ANY-LEGAL-WEAPON,Pronghorn,Buck,Conservation,Conservation Permit,"Box Elder, Promontory",box-elder-promontory,"Box Elder, Promontory",Any Legal Weapon,1,MDF,3833.33,Pronghorn,228,228,false,,,
CP-PRONGHORN-BOX-ELDER-PUDDLE-VALLEY-ANY-LEGAL-WEAPON,Pronghorn,Buck,Conservation,Conservation Permit,"Box Elder, Puddle Valley",box-elder-puddle-valley,"Box Elder, Puddle Valley",Any Legal Weapon,1,SFW,4916.67,Pronghorn,229,229,false,,,
CP-PRONGHORN-BOX-ELDER-SNOWVILLE-ANY-LEGAL-WEAPON,Pronghorn,Buck,Conservation,Conservation Permit,"Box Elder, Snowville",box-elder-snowville,"Box Elder, Snowville",Any Legal Weapon,2,SFW,2858.33,Pronghorn,230,230 | 231,false,,,
CP-PRONGHORN-BOX-ELDER-WEST-ANY-LEGAL-WEAPON,Pronghorn,Buck,Conservation,Conservation Permit,"Box Elder, West",box-elder-west,"Box Elder, West",Any Legal Weapon,2,SFW | UHA,2758.33,Pronghorn,232,232 | 233,false,,,
CP-PRONGHORN-FILLMORE-OAK-CREEK-SOUTH-ANY-LEGAL-WEAPON,Pronghorn,Buck,Conservation,Conservation Permit,"Fillmore, Oak Creek South",fillmore-oak-creek-south,"Fillmore, Oak Creek South",Any Legal Weapon,3,MDF | NWTF | SFW,10833.33,Pronghorn,234,234 | 235 | 236,false,,,
CP-PRONGHORN-LA-SAL-POTASH-SOUTH-CISCO-ANY-LEGAL-WEAPON,Pronghorn,Buck,Conservation,Conservation Permit,"La Sal, Potash/South Cisco",la-sal-potash-south-cisco,"La Sal, Potash/South Cisco",Any Legal Weapon,1,UHA,2750,Pronghorn,237,237,false,,,
CP-PRONGHORN-MT-DUTTON-PAUNSAUGUNT-ANY-LEGAL-WEAPON,Pronghorn,Buck,Conservation,Conservation Permit,Mt Dutton/Paunsaugunt,mt-dutton-paunsaugunt,Mt Dutton/Paunsaugunt,Any Legal Weapon,2,MDF | SFW,3491.67,Pronghorn,238,238 | 239,false,,,
CP-PRONGHORN-NINE-MILE-ANTHRO-MYTON-BENCH-ANY-LEGAL-WEAPON,Pronghorn,Buck,Conservation,Conservation Permit,"Nine Mile, Anthro-Myton Bench",nine-mile-anthro-myton-bench,"Nine Mile, Anthro-Myton Bench",Any Legal Weapon,7,MDF | NWTF | SFW | WCF,4133.330000000001,Pronghorn,240,240 | 241 | 242 | 243 | 244 | 245 | 246,false,,,
CP-PRONGHORN-NINE-MILE-RANGE-CREEK-ANY-LEGAL-WEAPON,Pronghorn,Buck,Conservation,Conservation Permit,"Nine Mile, Range Creek",nine-mile-range-creek,"Nine Mile, Range Creek",Any Legal Weapon,1,NWTF,7416.67,Pronghorn,247,247,false,,,
CP-PRONGHORN-NORTH-SLOPE-SUMMIT-ANY-LEGAL-WEAPON,Pronghorn,Buck,Conservation,Conservation Permit,"North Slope, Summit",north-slope-summit,"North Slope, Summit",Any Legal Weapon,1,MDF,5000,Pronghorn,248,248,false,,,
CP-PRONGHORN-NORTH-SLOPE-THREE-CORNERS-WEST-DAGGETT-ANY-LEGAL-WEAPON,Pronghorn,Buck,Conservation,Conservation Permit,"North Slope, Three Corners/West Daggett",north-slope-three-corners-west-daggett,"North Slope, Three Corners/West Daggett",Any Legal Weapon,3,MDF | SFW,4791.67,Pronghorn,249,249 | 250 | 251,false,,,
CP-PRONGHORN-PANGUITCH-LAKE-ZION-NORTH-ANY-LEGAL-WEAPON,Pronghorn,Buck,Conservation,Conservation Permit,"Panguitch Lake/Zion, North",panguitch-lake-zion-north,"Panguitch Lake/Zion, North",Any Legal Weapon,2,MDF | SFW,3583.33,Pronghorn,252,252 | 253,false,,,
CP-PRONGHORN-PARKER-MTN-ANY-LEGAL-WEAPON,Pronghorn,Buck,Conservation,Conservation Permit,Parker Mtn,parker-mtn,Parker Mtn,Any Legal Weapon,4,MDF | SFW,5000,Pronghorn,254,254 | 255 | 256 | 257,false,,,
CP-PRONGHORN-PINE-VALLEY-ANY-LEGAL-WEAPON,Pronghorn,Buck,Conservation,Conservation Permit,Pine Valley,pine-valley,Pine Valley,Any Legal Weapon,2,MDF | SFW,4416.67,Pronghorn,258,258 | 259,false,,,
CP-PRONGHORN-SAN-RAFAEL-NORTH-ANY-LEGAL-WEAPON,Pronghorn,Buck,Conservation,Conservation Permit,"San Rafael, North",san-rafael-north,"San Rafael, North",Any Legal Weapon,5,NWTF | SFW,10002.78,Pronghorn,260,260 | 261 | 262 | 263 | 264,false,,,
CP-PRONGHORN-SOUTHWEST-DESERT-ANY-LEGAL-WEAPON,Pronghorn,Buck,Conservation,Conservation Permit,Southwest Desert,southwest-desert,Southwest Desert,Any Legal Weapon,8,DSC | MDF | NWTF | RMEF | SFW | UAA,5777.080000000001,Pronghorn,265,265 | 266 | 267 | 268 | 269 | 270 | 271 | 272,false,,,
CP-PRONGHORN-STATEWIDE-,Pronghorn,Buck,Conservation,Conservation Permit,Statewide,statewide,Pronghorn - Statewide Conservation,,1,MDF,33666.67,Pronghorn,289,289,true,Statewide Pronghorn Conservation,,PB5057
CP-PRONGHORN-VERNAL-ANY-LEGAL-WEAPON,Pronghorn,Buck,Conservation,Conservation Permit,Vernal,vernal,Vernal,Any Legal Weapon,5,MDF | NWTF | SCI | WCF,5388.89,Pronghorn,273,273 | 274 | 275 | 276 | 277,false,,,
CP-PRONGHORN-WEST-DESERT-RIVERBED-ANY-LEGAL-WEAPON,Pronghorn,Buck,Conservation,Conservation Permit,"West Desert, Riverbed",west-desert-riverbed,"West Desert, Riverbed",Any Legal Weapon,4,MDF | NWTF | SFW,7458.33,Pronghorn,278,278 | 279 | 280 | 281,false,,,
CP-PRONGHORN-WEST-DESERT-RUSH-VALLEY-ANY-LEGAL-WEAPON,Pronghorn,Buck,Conservation,Conservation Permit,"West Desert, Rush Valley",west-desert-rush-valley,"West Desert, Rush Valley",Any Legal Weapon,2,MDF | SFW,4666.67,Pronghorn,282,282 | 283,false,,,
CP-PRONGHORN-WEST-DESERT-SNAKE-VALLEY-ANY-LEGAL-WEAPON,Pronghorn,Buck,Conservation,Conservation Permit,"West Desert, Snake Valley",west-desert-snake-valley,"West Desert, Snake Valley",Any Legal Weapon,5,MDF | RMEF | SFW,5755.56,Pronghorn,284,284 | 285 | 286 | 287 | 288,false,,,
CP-ROCKY-MOUNTAIN-BIGHORN-SHEEP-BOOK-CLIFFS-SOUTH-ANY-LEGAL-WEAPON,Rocky Mountain Bighorn Sheep,Ram,Conservation,Conservation Permit,"Book Cliffs, South",book-cliffs-south,"Book Cliffs, South",Any Legal Weapon,1,UWSF,208333.33,Rocky Mountain Bighorn Sheep,290,290,true,Book Cliffs South Conservation,,RS1001
CP-ROCKY-MOUNTAIN-BIGHORN-SHEEP-BOX-ELDER-NEWFOUNDLAND-MTNS-EARLY-ANY-LEGAL-WEAPON,Rocky Mountain Bighorn Sheep,Ram,Conservation,Conservation Permit,"Box Elder, Newfoundland Mtns (early)",box-elder-newfoundland-mtns-early,"Box Elder, Newfoundland Mtn",Any Legal Weapon,1,UWSF,133333.33,Rocky Mountain Bighorn Sheep,291,291,true,Box Elder Newfoundland Mtn Conservation,,RS1003
CP-ROCKY-MOUNTAIN-BIGHORN-SHEEP-BOX-ELDER-NEWFOUNDLAND-MTNS-LATE-ANY-LEGAL-WEAPON,Rocky Mountain Bighorn Sheep,Ram,Conservation,Conservation Permit,"Box Elder, Newfoundland Mtns (late)",box-elder-newfoundland-mtns-late,"Box Elder, Newfoundland Mtn",Any Legal Weapon,1,UWSF,117000,Rocky Mountain Bighorn Sheep,292,292,true,Box Elder Newfoundland Mtn Conservation,,RS1003
CP-ROCKY-MOUNTAIN-BIGHORN-SHEEP-FILLMORE-OAK-CREEK-LATE-ANY-LEGAL-WEAPON,Rocky Mountain Bighorn Sheep,Ram,Conservation,Conservation Permit,"Fillmore, Oak Creek (late)",fillmore-oak-creek-late,"Fillmore, Oak Creek (late)",Any Legal Weapon,1,UWSF,105000,Rocky Mountain Bighorn Sheep,293,293,false,,,
CP-ROCKY-MOUNTAIN-BIGHORN-SHEEP-NINE-MILE-GRAY-CANYON-ANY-LEGAL-WEAPON,Rocky Mountain Bighorn Sheep,Ram,Conservation,Conservation Permit,"Nine Mile, Gray Canyon",nine-mile-gray-canyon,"Nine Mile, Gray Canyon",Any Legal Weapon,1,SFW,225000,Rocky Mountain Bighorn Sheep,294,294,true,Nine Mile Gray Canyon Conservation,,RS1006
CP-ROCKY-MOUNTAIN-BIGHORN-SHEEP-STATEWIDE-,Rocky Mountain Bighorn Sheep,Ram,Conservation,Conservation Permit,Statewide,statewide,Bighorn Sheep - Statewide Conservation,,1,SFW,230000,Rocky Mountain Bighorn Sheep,295,295,true,Statewide Rocky Bighorn Conservation,,RS6718
CP-TURKEY-CENTRAL-AREA-MULTISEASON,Turkey,Bearded,Conservation,Conservation Permit,Central Area,central-area,Central Area,Multiseason,8,MDF | NWTF | SFW,795.83,Turkey,296,296 | 297 | 298 | 299 | 300 | 301 | 302 | 303,false,,,
CP-TURKEY-NORTHEASTERN-AREA-MULTISEASON,Turkey,Bearded,Conservation,Conservation Permit,Northeastern Area,northeastern-area,Northeastern Area,Multiseason,8,NWTF | SFW | WCF,1038.54,Turkey,304,304 | 305 | 306 | 307 | 308 | 309 | 310 | 311,false,,,
CP-TURKEY-NORTHERN-AREA-MULTISEASON,Turkey,Bearded,Conservation,Conservation Permit,Northern Area,northern-area,Northern Area,Multiseason,8,DSC | NWTF | SFW | UHA | WCF,519.79,Turkey,312,312 | 313 | 314 | 315 | 316 | 317 | 318 | 319,false,,,
CP-TURKEY-SOUTHEASTERN-AREA-MULTISEASON,Turkey,Bearded,Conservation,Conservation Permit,Southeastern Area,southeastern-area,Southeastern Area,Multiseason,8,NWTF | SFW,1037.5,Turkey,320,320 | 321 | 322 | 323 | 324 | 325 | 326 | 327,false,,,
CP-TURKEY-SOUTHERN-AREA-MULTISEASON,Turkey,Bearded,Conservation,Conservation Permit,Southern Area,southern-area,Southern Area,Multiseason,8,MDF | NWTF | SFW | UHA,597.92,Turkey,328,328 | 329 | 330 | 331 | 332 | 333 | 334 | 335,false,,,
CP-TURKEY-STATEWIDE-,Turkey,Bearded,Conservation,Conservation Permit,Statewide,statewide,Turkey - Statewide Conservation,,1,SFW,2450,Turkey,336,336,true,Statewide Turkey Conservation,,TK1017